-- phpMyAdmin SQL Dump
-- version 5.2.1
-- https://www.phpmyadmin.net/
--
-- 主機： localhost:3306
-- 產生時間： 2023-08-10 15:03:01
-- 伺服器版本： 10.4.30-MariaDB
-- PHP 版本： 8.2.4

SET FOREIGN_KEY_CHECKS=0;
SET SQL_MODE = "NO_AUTO_VALUE_ON_ZERO";
START TRANSACTION;
SET time_zone = "+00:00";


/*!40101 SET @OLD_CHARACTER_SET_CLIENT=@@CHARACTER_SET_CLIENT */;
/*!40101 SET @OLD_CHARACTER_SET_RESULTS=@@CHARACTER_SET_RESULTS */;
/*!40101 SET @OLD_COLLATION_CONNECTION=@@COLLATION_CONNECTION */;
/*!40101 SET NAMES utf8mb4 */;

--
-- 資料庫： `travel_kh`
--
CREATE DATABASE IF NOT EXISTS `travel_kh` DEFAULT CHARACTER SET utf8mb4 COLLATE utf8mb4_unicode_ci;
USE `travel_kh`;

-- --------------------------------------------------------

--
-- 資料表結構 `area`
--

DROP TABLE IF EXISTS `area`;
CREATE TABLE `area` (
  `area_id` int(10) UNSIGNED NOT NULL,
  `area_name` varchar(10) NOT NULL
) ENGINE=InnoDB DEFAULT CHARSET=utf8mb4 COLLATE=utf8mb4_unicode_ci;

--
-- 傾印資料表的資料 `area`
--

INSERT INTO `area` (`area_id`, `area_name`) VALUES
(1, '鹽埕區'),
(2, '鼓山區'),
(3, '新興區'),
(4, '旗津區'),
(5, '苓雅區'),
(6, '左營區'),
(7, '楠梓區'),
(8, '三民區'),
(9, '前金區'),
(10, '前鎮區'),
(11, '小港區'),
(12, '鳳山區'),
(13, '林園區'),
(14, '大寮區'),
(15, '大樹區'),
(16, '大社區'),
(17, '仁武區'),
(18, '鳥松區'),
(19, '岡山區'),
(20, '橋頭區'),
(21, '燕巢區'),
(22, '阿蓮區'),
(23, '路竹區'),
(24, '湖內區'),
(25, '茄萣區'),
(26, '梓官區'),
(27, '旗山區'),
(28, '美濃區'),
(29, '六龜區'),
(30, '甲仙區'),
(31, '杉林區'),
(32, '內門區'),
(33, '茂林區'),
(34, '桃源區'),
(35, '那瑪夏區'),
(36, '田寮區'),
(37, '永安區'),
(38, '彌陀區');

-- --------------------------------------------------------

--
-- 資料表結構 `attraction`
--

DROP TABLE IF EXISTS `attraction`;
CREATE TABLE `attraction` (
  `attraction_id` int(11) UNSIGNED NOT NULL,
  `attraction_name` varchar(30) NOT NULL,
  `title` varchar(100) NOT NULL,
  `fk_area_id` int(10) UNSIGNED NOT NULL,
  `address` varchar(100) NOT NULL,
  `off_day` set('星期一','星期二','星期三','星期四','星期五','星期六','星期日','全年開放') NOT NULL DEFAULT '全年開放',
  `open_time` time NOT NULL,
  `closed_time` time NOT NULL,
  `phone` varchar(15) DEFAULT NULL,
  `description` text NOT NULL,
  `lat` decimal(13,10) DEFAULT NULL,
  `lng` decimal(13,10) DEFAULT NULL,
  `zoom` int(11) DEFAULT 17,
  `traffic` text DEFAULT NULL,
  `visiting_time` time NOT NULL
) ENGINE=InnoDB DEFAULT CHARSET=utf8mb4 COLLATE=utf8mb4_unicode_ci;

--
-- 傾印資料表的資料 `attraction`
--

INSERT INTO `attraction` (`attraction_id`, `attraction_name`, `title`, `fk_area_id`, `address`, `off_day`, `open_time`, `closed_time`, `phone`, `description`, `lat`, `lng`, `zoom`, `traffic`, `visiting_time`) VALUES
(60011, '情人碼頭', '緊臨情人碼頭，傳統漁村結合地方文化與觀光休閒後，轉化成新興的現代漁港。', 25, '高雄市茄萣區東方路一段239號', '全年開放', '00:00:00', '23:59:00', '07-6900001', '最負盛名的是有海上黑金之稱的烏魚，每年冬至前後的烏魚季，烏魚子、魚乾、魚膘及烏魚胗為茄萣帶來巨大的經濟利益，興達港不僅是臺灣最大的烏魚子產地，也因近海漁業及養殖漁業發達，成為生鮮海產的集中地。\r\n\r\n近年經高雄市政府重新規劃擴建，原本傳統的漁村結合在地特色與觀光休閒文化後，轉化成新興的現代漁港，是全臺規模最大最現代化的漁港。\r\n\r\n興達港為近海漁港，小型船隻於深夜凌晨出海，接近中午時分返港下貨拍賣，現撈的肉魚、白帶、馬加、午仔魚等等鮮美可口，民眾在此可以參觀卸貨批發過程，也可將鮮美海味買回家大快朵頤。每到漁船返港交易完畢的黃昏時刻，大批的生鮮的攤販進駐，市場販賣著各式「現撈仔」漁獲，包含：各式鮮魚、活蝦、貝類及活蟹等，是臺灣人最喜愛的餐桌海鮮。\r\n\r\n各式香味撲鼻的海味小吃、熟食讓人開懷嚐鮮，茄萣的特產烏魚子、香魚片、扁魚乾及魚皮更是遊客最愛的伴手禮，逛完黃金海岸、情人碼頭，不妨來觀光漁市享受平價美食與採購的樂趣。情人碼頭一改傳統漁港印象，充滿摩登現代的海洋風情。碼頭旁最聚焦的是海上劇場造型獨特的二座白色尖塔，在艷陽下耀眼如揚帆出海的大船，晚上則在變化多端的燈光照射下繽紛華麗，猶如海上明珠。\r\n\r\n情人碼頭提供各式新穎好玩的水上活動諸如風帆、獨木舟…讓水上活動愛好者享受乘風破浪的樂趣，而濱海遊樂區的沙灘遼闊、沙質柔細，更是踏浪戲水的好去處。當海面上閃著金光燦然的晚霞，情人碼頭上的七彩燈光也跟著亮起，將海上劇場的優美尖峰造型倒映在海面上，情人碼頭上儷影雙雙，心心相印廣場柔美的心型裝置將海邊的夜色暈染得無比浪漫，是有情人必到的約會聖地，也是大型節慶活動的最佳地點。', 22.8756335000, 120.2089372000, 17, '【大眾運輸】\r\n台鐵大湖站下車，直行東方路即可抵達(約五公里)。\r\n\r\n【自行開車】\r\n中山高速公路路竹交流道下→往路竹方向直行→接東方路即可抵達情人碼頭及鄰近的漁業文化動力館，或是沿台17線(濱海公路)即可抵達。\r\n', '02:00:00'),
(60012, '西子灣風景區', '以夕陽美景及天然礁石聞名，每當夜幕低垂，漁船燈火閃爍其間，呈現海天一色美景。', 2, '高雄市鼓山區蓮海路51號', '全年開放', '10:00:00', '16:00:00', '07-5250005', '以夕陽美景及天然礁石聞名，區內包括了西子灣海水浴場、海濱公園、打狗英國領事館....等景點；可觀海景、遠眺高雄港；海水浴場極富熱帶氣息、南國風情，每當夜幕低垂，晚霞的照耀，漁船燈火閃爍其間，呈現海天一色美景。西子灣的西子夕照為高雄八大勝景之一，每到日落時分，沿著海岸護堤的石砌欄杆，成為欣賞落日餘暉的最佳位置。\r\n在西子灣不遠處，哨船砲臺之門額題字為「雄鎮北門」，字體碩大，筆力雄渾。此為清光緒元年所建立，目前為直轄市定古蹟。其與旗后砲臺同時期建成，互為犄角，如今大砲今已不存，只剩弧型砲座可供後人發思古之幽情。有得天獨厚的自然資源與歷史人文古蹟，規劃時即著重以哈瑪星地區整體發展為主軸。公園總面積0.63公頃，在此可欣賞鼓山、旗津間渡輪往返、高雄港風光、八十五層大樓等盛景。\r\n位於鼓山哨船頭公園內的「西子灣遊客中心」，有著獨特的外觀造型，不論是從陸地上甚至是從海上觀賞，皆相當引人注目，尤其搭配整個高雄港、展覽館及高雄地標85大樓，儼然成為高雄港的重要地標之一。 除了亮眼外觀，西子灣旅客中心還兼具旅客諮詢服務、文創商品、在地文化展演等多項服務，讓外地遊客來此地歇腳、諮詢外，可以慢慢品味在地的風俗民情及文化之美。園區內完整保存官邸及領事館以及一條相互連通的登山古道，手輕撫過打狗英國領事館官邸得每一塊紅磚，都能感受歲月的痕跡，歷史在你的手中，而高雄美景就在腳下，在這個山海交接處，好風景一網打盡。建議造訪打狗英國領事館官邸的最佳時間是下午到傍晚時分。往東望，整個高雄港區的壯麗景觀一覽無遺，高雄85大樓、夢時代摩天輪，形成一幅熱鬧繽紛的現代畫作；向南看，與旗津漁港遙望，漁船、渡輪往返，偶爾傳來汽笛聲，顯得平靜而悠閒。往西望，則是臺灣八景之一的「西子夕照」，時而平靜無波、時而波瀾壯闊。園區內更結合了休閒餐飲，讓民眾可以在此用餐、品茶，讓古老建築展現新的浪漫情調。', 22.6257310000, 120.2637400000, 17, '【大眾運輸】\r\n1.高鐵\r\n搭高鐵至左營站下，再轉搭其他大眾運輸工具。台灣高鐵網站http://www.thsrc.com.tw/\r\n2.捷運\r\n橘線→西子灣站下→1號出口出站→橘1接駁車。\r\n3.公車\r\n水岸公車、99→西子灣。\r\n\r\n【自行開車】\r\n國道1號，中正交流道下，沿中正路接五福路直行到底，左轉鼓山路後右轉臨海二路即抵。', '01:00:00'),
(600001, '旗津星空隧道', '走進絢爛的星空隧道，體驗10種不同的主題光影動畫，來一趟奇幻空間的打卡之旅。', 4, '高雄市旗津區廟前路1巷', '全年開放', '00:00:00', '23:59:00', '07-2225136', '星空隧道全長88公尺，開鑿於日治時期，原為軍事戰備隧道，於2005年後整建開闢成星空隧道，並新設自行車棧道供遊客使用。\r\n隧道以海洋與滿天星空為主題，可見牆上有許多鯨鯊、魚群等海洋生物夜光彩繪，在燈光的照明下，浮現繽紛的螢光色調，帶領旅人體驗幽暗迷幻的海底世界。\r\n除了此之外，更有藍色多瑙河、雷神降臨、穿梭、程式碼、聖誕節、歡樂煙火等共10種不同的主題光影動畫，讓人不禁沉浸在這奇幻的空間中，盡情拍照打卡留念。\r\n      走完隧道後步行約五分鐘，即是旗後山下的旗津灣峽，浪花拍打在高聳陡峭的石灰岩璧，呈現壯闊原始的海景。\r\n如想要看高雄港景致，可繼續走海濱木棧道前行，欣賞高雄港都風景，展現旗津海天一色，在既美麗又浪漫的夕陽下看著大船入港，享受海岸風光。 \r\n星空隧道串連旗後燈塔、旗後砲台、珊瑚礁地形等獨有美景，是全國唯一的海景自行車棧道，無論步行或騎車，都能讓旅人感到驚艷。', 22.6128673000, 120.2629577000, 17, '【大眾運輸】\r\n1.公車：在前鎮總站搭市公車35路→可直達旗津半島\r\n2.渡輪：往旗津的渡船頭搭乘渡輪抵達旗津→下旗津渡船頭走廟前路即可到達\r\n【自行開車】\r\n1.由前鎮漁港的新生路→經漁港南三路穿過過港隧道→抵達旗津半島\r\n 2.開車至鼓山→於鼓山渡輪站轉搭渡輪→下渡輪後往右直走廟前路\r\n3.國道一號→高速公路小港端下→中山四路右轉漁港路→左轉新生路→進過港隧道後直達旗津半島\r\n', '00:45:00'),
(600002, '六合觀光夜市', '行人徒步逛街，燈火通明、攤位整潔，短短的街道充斥海港味，海鮮粥、鹽蒸蝦、烏魚腱都是不可錯過的美味。', 3, '高雄市新興區六合二路與中山一路口', '全年開放', '17:00:00', '01:00:00', '07-3373184', '沒到過六合夜市，就不算真正去過高雄，早在民國39年（西元1950年），位於現在高雄市新興區大港埔附近的空地上，就開始聚集了許多小吃攤。\r\n漸漸的越來越多，久而久之便形成以小吃聞名的「大港埔夜市」，之後逐漸擴大。轉變成為現在的六合夜市。\r\n六合夜市距離高雄火車站不遠，沿著中山路直行約十餘分鐘後右轉至六合路便可到達。\r\n白天這裡是筆直的大馬路，到了晚上便成為人來人往的熱鬧市集，以多樣化小吃聞名的「六合夜市」，最特殊的景觀是招牌林立的牛排店及海產店，大大小小有10多家。\r\n主要賣點是平價、家庭式的牛排套餐。兩排攤位從山產、海產、特產到冷飲、冰品等應有盡有，種類之多令人目不暇給，小吃口味之豐富為全臺有名。\r\n高雄市六合夜市成功塑造出國際級美食觀光夜市的整體形象，創造休憩、消費新景點，在硬體規劃部份致力於結合高雄特有港都文化，有效的增進攤販及消費者對六合夜市的認同感。在軟體上，凝聚整體攤販及管委會的向心力與行動力，並積極推廣統一制服與攤招，落實服務業「提昇顧客滿意度」的經營理念，開創出一條康莊大道。\r\n近年來市政府更積極在具國際知名度的六合夜市辦「傳統市集 YOUNG起來」、「六合美食嘉年華」系列活動，擴大商圈的商機。', 22.6321506000, 120.2992361000, 17, '【大眾運輸】\r\n1.高鐵:搭高鐵至左營站下，再轉搭其他大眾運輸工具。\r\n2.高捷:搭乘高雄捷運紅線，於「美麗島站」下車。11號出口出站步行約5分鐘可達。\r\n3.公車:搭乘公車12、52、60、69、72、92、100、218、248、301至大港埔(中山一路)站下。左轉步行約3、4分鐘即可到達。\r\n【自行開車】\r\n1.高雄車站→中山路→六合路→六合夜市。\r\n2.中山高(國道1號)中正交流道→下順中正一路、二路、三路→遇中山路左轉→接六合路可抵。', '01:00:00'),
(600003, '駁二藝術特區', '高雄最人氣的文化景點，以藝文與世界接軌，3大倉庫群各有特色，是在地人也熱愛的創意基地。', 1, '高雄市鹽埕區大勇路1號', '全年開放', '10:00:00', '20:00:00', '07-5214899', '駁二藝術特區的前身為高雄港倉庫，建於1973年，過去儲放魚粉與砂糖，隨著產業轉型，一度遭遺忘閒置。\r\n直到2000年高雄市政府因尋找國慶煙火施放地點的機緣下，才讓這些舊倉庫起死回生、開創新生命，見證高雄港的繁華、沒落、再起與轉型。\r\n 因倉庫位於高雄港第二號接駁碼頭，藉其意涵而命名為「駁二」有傳承之意，一路走來，有公部門與民間齊心努力，才得以成為現在的「駁二」。「駁二」是臺灣最成功的文創園區之一，開啟高雄一股南方藝術的新潮流，帶動高雄城市轉型契機。\r\n從過去到現在，駁二藝術特區都是高雄人不可缺少的倉庫群，過去儲放貨物供應港口，現在改頭換面成為藝術家的創作天堂，匯集滿滿的設計與創意能量。\r\n過去有港邊載送貨物的西臨港線鐵道，現在則是高雄最熱門的水岸輕軌。\r\n駁二藝術特區向民眾、在這個城市開展創意發想，透過各種公共藝術作品，向民眾互相親近對話，民眾可漫步、搭乘水岸輕軌穿梭其間，感受創意街區裡的悠閒與美學，是連高雄人也愛的創意基地。\r\n\r\n駁二藝術特區經過許多人、許多年的努力，規模從發展初期的2棟倉庫，到現在擁有大勇倉庫群、大義倉庫群和蓬萊倉庫群等共25棟倉庫空間，是高雄重要的城市記憶。\r\n 一切源起於2000年，雙十煙火第一次不侷限在台北施放，決定南下高雄綻放，為尋覓適當的放煙火地點，人們發現了港口旁駁二倉庫的存在，一群熱心熱血的藝文界人士於2001年成立駁二藝術發展協會，將駁二規劃成一個獨特的藝術開放空間，催生推動駁二藝術特區作為南部人文藝術發展的基地。\r\n駁二藝術特區透過文化部（當時的文建會）「閒置空間再利用」計畫改頭換面，為高雄開啟藝文、文創的新視窗，成為南部地區的文創重鎮。營運初期以公辦民營的模式，歷經駁二藝術發展協會、樹德科技大學，最後2006年由高雄市文化局接手。\r\n接手至今，將駁二藝術園區定位為，當代藝術與常民美學雙軌併行，將倉庫空間轉變為文創設計、生活藝術、當代藝術、獨立音樂、公共藝術等展演場域。\r\n陸續舉辦了高雄設計節、好漢玩字節、鋼雕藝術節、貨櫃藝術節、高雄人來了大公仔、The Wall駁二音樂演唱會等，匯集來自世界各地的藝術創意，透過一次又一次的展演，激盪出嶄新火花，上演海港城市的魅力文化與生活美學。\r\n駁二藝術特區以大勇區為中心，透過水岸輕軌串連蓬萊區與大義區，構築出獨特的海洋特性的文創氛圍。\r\n駁二塔共有12棟倉庫，其中C5、P2為駁二最草創時期的兩個展覽場域，這兩棟倉庫目前都仍以靜態展覽為主要用途。陸續加入營運陣容的C1、C2、C4及自行車倉庫，目前主要籌辦實驗性、文創類或當代藝術型態之展覽。\r\n蓬萊倉庫群－復刻百年鐵道的歷史紋理，共有7棟倉庫，自2012年加入駁二營運陣容，以舉辦展演活動和特色餐飲為主，並結合了周邊的哈瑪星鐵道文化園區，大人小孩都喜愛的哈瑪星台灣鐵道館就位在此區。\r\n大義倉庫群－自成一格的職人藝術街區，共有6棟倉庫，為最後納入駁二版圖的區域。主要讓個人營業型態的工作室進駐，作為文化創意產業發展基地，各式各樣的特色小店、公共藝術作品藏在巷弄角落，以及假日的文創市集，是整個藝術園區最有文青味的地方。\r\n      ', 22.6199803000, 120.2789484000, 17, '【大眾運輸】\r\n1.火車、公車:至高雄火車站下車後→可至前站搭乘建國幹線(88)或56號→於五福四路大勇路口下車→步行五分鐘可抵達會場。\r\n2.公車:\r\n(1)搭乘五福幹線(50)→於五福四路大勇路口下車→步行五分鐘可抵達會場。\r\n(2)哈瑪星線→舊打狗驛(打狗鐵道故事館)捷運西子灣站二號出口搭乘→於駁二特區站下車即可。\r\n3.捷運:\r\n(1)捷運橘線鹽埕埔站1號出口，沿大勇路向南步行約5分鐘即可到達。\r\n(2)捷運橘線西子灣站2號出口，沿西臨港線自行車道向東步行約2分鐘即可到達「駁二蓬萊倉庫」。\r\n【自行開車】\r\n行駛國道1號下中正交流道→沿中正路至凱旋路口(勿往中正地下道行駛)→轉五福路直行→過五福橋(愛河)→大勇路左轉到底即可抵達，車程約30分鐘。\r\n【自行車】\r\n駁二藝術特區為高雄最熱門的「西臨港線自行車道」所經過。騎乘路線參考：新光碼頭→真愛碼頭→駁二藝術特區→駁二「蓬萊倉庫群」→漁人碼頭→打狗鐵道故事館→西子灣。', '06:00:00'),
(600004, '大港橋', '全臺首座水平旋轉景觀橋樑，也是亞洲最長的跨港旋轉橋，串連駁二藝術特區與棧貳庫2處熱門景點。', 1, '高雄市鹽埕區駁二大義站', '全年開放', '00:00:00', '23:59:00', '07-5219000', '是全臺首座水平旋轉景觀橋樑，也是亞洲最長的跨港旋轉橋，串連駁二藝術特區與棧貳庫2處熱門景點，是目前最新潮的旅遊路線。\r\n橫跨於高雄港第三船渠，連結駁二藝術特區與高雄港蓬萊商港區，鄰近高雄輕軌駁二大義站，大港橋設計之初，為保持第三船渠內航道暢通，因此採用橋面可轉之設計，是臺灣第一座可旋轉之的行人跨港大橋。\r\n設計上為結合周邊之高雄流行音樂中心及將改建為亞洲新灣區遊艇碼頭的第三船渠之海洋主題意象，因此橋體視覺設計上結合貝殼、鯨豚，與具未來感的遊艇等多個主題。主橋全長97.5公尺，總長109.5公尺，寬從5公尺到11公尺漸變，橋面旋轉從水平開啟到閉合耗費時間為30分鐘，橋面上至少可乘載550人，開放行人及自行車通行。\r\n大港橋每日下午3點進行開合秀，開啟、閉合可在3分鐘內完成水平運轉，開放行人、單車通行，除了維持第三船渠內航道通行，還可縮減民眾進入蓬萊商港區的路程，從輕軌大義站下車，即可經過大港橋直接進入高港棧庫群（蓬萊商港區），將節省至少30分鐘的步行路程，也成了欣賞夕陽、港濱約會的打卡新景點。', 22.6178557000, 120.2838539000, 15, '【大眾運輸】\r\n1.輕軌：駁二大義站\r\n2.捷運：橘線鹽埕埔站1號出口，沿大勇路向南步行，抵達大勇倉庫後繼續往大義倉庫方向前進\r\n\r\n【自行開車】\r\n國道1號下中正交流道，沿中正路至凱旋路口(勿往中正地下道行駛)轉五福路直行，過五福橋(愛河)至大義街左轉到底即可抵達駁二大義倉庫(緊鄰停車場) ', '00:20:00'),
(600005, '旗津海水浴場', '黃昏時刻，夕陽斜照，晚霞燦爛，漫步在海岸線，海風輕拂，這就是夏天該有的浪漫模樣！', 4, '高雄市旗津區廟前路1號', '全年開放', '00:00:00', '23:59:00', '07-5710811', '「旗津海水浴場」位於高雄市旗津區的廟前路上，與\"旗津海岸公園\"相鄰，是海岸公園北邊的起點，綿延數公里的海岸線，走在上頭吹吹海風欣賞宜人的美景，都是不錯的心靈與視覺的饗宴。\r\n由於「旗津海水浴場」的沙質細軟、海水清澈，以及完善的救生設備及沖水設備，每逢夏日豔陽時節，總不乏戲水的人潮，時常聚集了許多的游泳、衝浪、拖曳傘的玩家。\r\n「旗津海水浴場」內設施相當的多元，有\"觀海景觀步道\"、\"自然生態區\"、以及\"越野區\"等不同的休憩區，即使是海水浴場不開放的季節，遊客來到這裡還是可以從事其他的休閒娛樂。\r\n在「旗津海水浴場」若是您玩的滿身是沙，也不用擔心，這裡規劃有便利的沖水設備，讓玩水的人們可以乾乾淨淨的回家去，浴場內雖然也沒有提供餐飲，但走出海水浴場，對街即有各式販賣旗津名產與美食的店家。\r\n每到傍晚時分的時候，「旗津海水浴場」看著夕陽斜掛、彩霞滿空的美景，搭配一波一波的浪花拍打著沙岸的樂音，加上海水浴場內廣闊的視野，可輕鬆遠眺遠方的船隻與旗后山，是個適合情侶們在此談情說愛及製造浪漫的絕佳地點。', 22.6101743000, 120.2565999000, 15, '【大眾運輸】\r\n1.公車:高雄市公車1、31、50號→直達旗津半島→步行可達旗津海水浴場\r\n2.渡輪:高雄公車總站→轉搭35號往渡輪站市公車→轉搭往旗津的渡輪船→達旗津半島→步行可達旗津海水浴場\r\n【自行開車】\r\n1.前鎮漁港的新生路→經漁港南三路→行經過港隧道→至對岸旗津半島(約3~5分鐘)→可達旗津海水浴場\r\n2.國道一號→於高速公路小港端下→沿中山四路往機場方向→右轉金福路、新生路進過港隧道→旗津渡船站→右轉直行可達旗津海水浴場', '03:00:00'),
(600006, '壽山動物園', '園內有一百多種來自世界各地的珍禽異獸，牠們的來路各有故事，是寓教於樂的最佳場所。', 2, '高雄市鼓山區萬壽路350號', '星期一', '09:00:00', '17:00:00', '(07)5215187', '「壽山動物園」位於高雄市壽山的東南角，不但視野可以俯瞰大高雄市區，園區位置也緊鄰著市區，交通也相當的便利，可說是高雄市民最佳的休憩園地。\r\n原本是設立在西子灣，民國六十九年因市政府欲爭取中山大學設校，因此將『西子灣風景特定區』編訂為學校用地，將原處的動物園遷移至現在的『壽山風景區』，也就是現在的「壽山動物園」。\r\n\r\n「壽山動物園」雖然佔地面積不算非常大，但園區內也飼養著一百多種來自世界各地的珍禽異獸，數量多達一千三百餘隻，擁有的動物非常齊全。\r\n並且還擁有相當稀有的台灣黑熊，園區內的動物來路各有故事，是個相當有寓教娛樂的場所。「壽山動物園」大部分地質屬砂質咕咾石層，硬體建設上的維護相當不易，園區不但辛勤的維護，開發初期還針對週遭的環境加以保護，目前動物園內還有數百餘種的原生植物，成為「壽山動物園」內特殊風貌。同時園內動線安排也很順暢，在「壽山動物園」不但能欣賞到動物們也可以達到走路運動的休閒效果。\r\n\r\n「壽山動物園」所處的壽山相當的幽靜，裡頭還有許多名剎寺廟隱置其中，到了夜晚來到這裡欣賞港都的夜景，又是另外一件美事。\r\n由於『壽山』的四周環山道路，四通八達，上下山十分方便，習慣在鋼鐵建築中生活的您，如果想要與動物更親近的接觸與深入的了解，別忘了到「壽山動物園」走一走。', 22.6355110000, 120.2728432000, 17, '【大眾運輸】\r\n1.可搭乘市公車31、50、99路在壽山公園站下車。\r\n2.(逢架日)高雄火車站前搭乘56號公車(假日：含週六日、國定假日、寒暑春假)。\r\n【自行開車】\r\n1.省道台一縣(民族路)→九如四路→華安街→鼓山三路→萬壽路(元亨寺)→萬壽山橋→壽山動物園。\r\n2.高速公路→中正交流道→中正四路→大公路→鼓山一路→壽山公園入口→萬壽路→壽山動物園。\r\n', '03:00:00'),
(600007, '高雄市立美術館', '具有\"典藏\"、\"研究\"、\"展覽\"、\"推廣教育\"等四大功能，定期都會展出當代的國際藝術作品，展覽內容相當的豐富多元。', 2, '高雄市鼓山區美術館路80號', '星期一', '09:30:00', '17:30:00', '07-5550331', '原為埤塘滿佈的內惟埤溼地，1994年創建為南臺灣第一座公立美術館後，成為南部地區最重要的現代藝術文化樞紐，扮演著匯集本土與國際資源、展現藝術人文的重任。美術館佔地9500坪，建築外觀採用長型水平走向，分為地上四樓及地下二樓，除了館方典藏藝術品之外，以展出當代的國際藝術作品為主，展覽內容相當的豐富多元。前方長廊道所圍出的戶外劇場，還可以提供陳列大型的雕塑作品及戶外表演。另於2005年開設「兒童美術館」，強調兒童藝術教育及主動學習，提供兒童更多發現、探索、體驗藝術經驗的場域，同時透過互動式遊戲，啟發藝術創意潛能。在兒童館中有豐富、有趣與多樣性的教育展示設計，讓孩子透過遊戲潛移默化，進行發現藝術的豐富及美好。兒童美術館周圍像是兒童樂園，大樹下的園地有腳印迷宮、沙灘和藝術搖籃座椅，是親子共享及美術教育的樂園。 館外規劃為美術公園，風格材質各異的雕塑品與裝置藝術共有四十多件分佈於公園湖畔樹林草原之間，展現多元的視覺效果，也使自然環境延伸為美術館展場的一部分。\r\n高雄市立美術館結合內惟埤溼地生態，是結合生態、藝術與休閒於一身的文化聚點，在蟲吟鳥唱、波光瀲灩的自然環境中，藝術正像翠綠新芽，於南臺灣豔陽下生根、滋長、茁壯。', 22.6564320000, 120.2862600000, 17, '【大眾運輸】\r\n1.捷運\r\n搭捷運至凹子底站，出1號出口後，轉乘高雄市公車紅(32)，至美術公園站或中華藝校站，步行5分鐘即可到達。\r\n2.公車\r\n(1)搭高雄市公車3號、高鐵鼓渡專車至美術館站下。\r\n(2)市公車205中華幹線，或高雄客運205、214、606、607號，至婦幼醫院站下車。\r\n(3)搭高雄市公車73、紅32號至美術公園站下車。\r\n(4)搭高雄市公車38南、218、245南至高雄電台站下車。\r\n\r\n【自行開車】\r\n中山高(國道1號)→接國道10號→往左營走到底→順著路標下翠華路→直走再接中華一路→可抵美術館路。', '02:00:00'),
(600008, '田寮月世界', '經年累月由雨、河水侵蝕，將泥沙堆積在泥岩上，泥沙與泥岩混合經由風化形成。', 36, '高雄市田寮區崇德里月球路36號', '全年開放', '10:00:00', '17:00:00', '07-6367036', '田寮「月世界」特殊景觀經年累月的經由雨水與河水強烈侵蝕，將泥沙堆積在泥岩上，地層變動後，泥沙更與泥岩混合再經由風化、沉積作用，形成今日地貌，僅適於耐旱、耐鹽的淺根植物（如：箭竹）、濱海植物生長。從田寮到旗山台28線沿路除了月世界景觀，還有大小不等的二十多個泥火山，常呈現間歇性的噴發現象。噴發的規模則視地底天然氣與泥漿的累積壓力而定，噴發後的泥流堆積地區，經降雨沖蝕，產生一些特殊的小地形，其中大滾水與小滾水是觀察泥火山最方便的地點。泥火山是地下的天然氣、泥漿受高壓作用，沿著淺層岩體裂縫噴出地表的「假火山」，它也是惡地形的一種。田寮是全臺惡地形與泥火山最發達的地區，古亭坑層泥岩構成的惡地景觀，充滿淒涼荒漠之美，宛如未經人工鑿斧的地質生態教室，更發展出特有物產和美食。位於風景區入口處的「泥岩地質生態解說中心」，館內展示泥岩的樣本及圖片說明，可說是深度認識田寮月世界的鎖鑰。', 22.8858450000, 120.3899600000, 17, '【自行開車】\r\n國道3號-田寮交流道下-省道臺28線。\r\n\r\n【大眾運輸】\r\n搭高鐵至臺南站下-轉搭高雄市公車8042至月世界站下。', '01:00:00'),
(600009, '崗山之眼', '崗山之眼園區以天空廊道為主角，以「岡山樹色」形容本地縱翠疊碧、綠意如煙，千古幽情風采重現。', 19, '高雄市岡山區小崗山天空迴廊園區', '星期一', '09:00:00', '18:00:00', '7-6282100', '崗山之眼園區以天空廊道為主角，全長88公尺，以音樂為設計概念，採用鋼構斜張橋之形式設計。主塔橋為提琴意象呈現，鋼索即為琴弦，意表琴瑟和鳴之意，於末端的迴旋梯則是應和的口琴，階梯踏面琴鍵亦隨之響起，走在天空廊道上微風吹過，彷若演奏著自然的樂曲，享受雲端漫步的視覺與聽覺饗宴，也象徵小崗山重生的生命樂章。\r\n本園區之規劃以尊重環境和生態保育為主。天空廊道可俯瞰阿公店水庫、阿公店森林公園、阿公店溪及其平原之美景，天候良好時更能遠眺壯麗之北大武山與周邊群山，高雄市地標85大樓、半屏山、壽山、臺灣海峽更可一覽無遺，山水景色盡收眼底。', 22.8119670000, 120.3343463000, 17, '【自行開車】\r\n(1)國道1號→在岡山交流道出口下交流道→燕巢→安招路/186市道→左轉新生路→右轉菜寮路→阿公店水庫管理中心周邊停車場及接駁區。 \r\n(2)國道10號→燕巢交流道→義大路→右轉角宿路/186市道→直行接中興北路/高29-1區道→左轉工程路接菜寮路，約400公尺即到逹阿公店水庫管理中心周邊停車場及接駁區。\r\n【大眾運輸】\r\n(1)接駁公車\r\n(2)共乘計程車', '01:00:00'),
(600010, '澄清湖風景區', '優美的九曲橋，倒映在波光粼粼的湖水上，古樸典雅的中式庭園建築結合青山綠水地景，讓人彷彿來到西湖。', 18, '高雄市鳥松區大埤路32號', '星期一', '06:00:00', '18:00:00', '07-3700821', '位在鳥松區的澄清湖占地遼闊，原為曹公圳的灌溉埤塘，是高雄市的第一大湖，以三橋、六勝、八景為著名景點。\r\n園區設有7公里的環湖步道、青年活動中心，提供旅人體驗野營、從事各種戶外運動遊戲的絕佳場所。走在沿著湖面圍繞的環湖路線，沿途欣賞點綴其間的亭台樓閣。\r\n而自然生態豐富的園區，總吸引過境的水鳥，讓人能夠賞鳥、享受風景宜人、恬靜淡泊的休閒度假好去處三橋名勝之一：九曲橋\r\n全長230公尺的九曲橋，以曲折有緻的九彎橋身為澄清湖畫上美麗豐富的層次。當旅人漫步橋上欣賞湖光山色時，潔白玲瓏的橋身倒映於碧綠湖水上，成為澄清湖最迷人的風景，尤其月明時刻，皎潔月影倒映粼粼湖水，因而贏得八景之一「曲橋釣月」的美名。在中興塔上俯瞰都市景觀，\r\n順著步道而行，不時可見醒目的中式高塔，中興塔是澄清湖中最高的建築，潔白的塔身、紅色的拱頂，7層樓高的八角型中式寶塔，屹立於澄清湖的樹海之中亮麗而醒目。迷宮花園\r\n榮獲2022建築景觀類園冶獎肯定，成全台最大的生態迷宮花園，從上空鳥瞰為一對鴛鴦心心相印的造型，內部設置各種親子闖關設施，是近期最夯的親子旅遊首選。', 22.6603600000, 120.3538000000, 17, '【自行開車】\r\n國道1號-高雄交流道下-九如一路-澄清路。\r\n\r\n【大眾運輸】\r\n搭臺鐵至高雄站下-轉搭高雄市公車60至澄清湖站下。', '02:00:00'),
(600011, '蚵仔寮漁港', '參觀魚市拍賣過程、盡情挑選魚鮮海味，香噴噴的各式海鮮攤位滿足了每位饕客的味蕾。', 26, '高雄市梓官區漁港二路32號', '', '09:00:00', '18:00:00', '07-6194100', '位於梓官區信蚵村的蚵仔寮昔日是養蚵捕魚為生的小漁村，近年來在地方青年及政府的努力下，成功地將傳統漁村轉形為觀光漁港及漁市場。\r\n由於拍賣制度健全，吸引了鄰近地區漁船到此卸貨交易，使得港口魚貨日益新鮮眾多，為全國現撈漁獲之冠、同時也是烏魚子的重要產地。\r\n蚵仔寮魚市引進先進的HACCP食品安全管制系統，使現撈漁獲保持新鮮與安全，每天下午漁船返港時，就是市場人聲鼎沸、魚鮮爭豔的時刻。民眾可以在蚵仔寮漁港參觀魚市拍賣過程、盡情挑選魚鮮海味，香噴噴的各式海鮮攤位滿足了每位饕客的味蕾。\r\n熱鬧過後的蚵仔寮漁村，撩起許多人對小漁村的好奇心，這小漁村還藏著哪些秘密景點，想讓人一探究竟。\r\n不知不覺找到了巷弄中的劉文禧故居，是赤崁保存最完整的百年古厝，接著走到了稻田旁的裝置藝術，是全村居民合力將當地螺絲工廠淘汰的廢品變成翩翩飛舞的蝴蝶和蜻蜓，讓整個漁村小鎮365天都是春天。\r\n漫步在神秘小漁村後的時光，適合小酌一杯，在港口邊的小酒館，享用漁港新鮮燒烤，深深體驗滿滿的港都風情，讓人印象深刻的高雄海線。', 22.7271353000, 120.2523443000, 17, '【大眾運輸】\r\n台鐵\r\n搭乘台鐵至岡山火車站下車→轉搭高雄客運8017(岡山-高雄)→至(赤崁)蚵寮站下車→轉搭計程車即可達蚵仔寮港觀光魚市\r\n客運\r\n搭乘高雄客運8017(高雄-岡山)→至(赤崁)蚵寮站下車→轉搭計程車即可達蚵仔寮港觀光魚市\r\n\r\n【自行開車】\r\n國道1號岡山交流道下→沿縣道186線經安招路→經介壽路→接台19甲→經介壽西路→經石潭路→經大舍東路→經赤崁東路→左轉赤崁南路→經光明路→到底左轉通安路→右轉中正路→右轉港九街→即可達蚵仔寮港觀光魚市', '00:30:00'),
(600012, '義大遊樂世界', '全臺唯一結合主題樂園、數位影城、星級飯店、Outlet Mall等複合式娛樂購物中心，是大人購物、小孩玩樂的好去處。', 15, '高雄市大樹區學城路一段12號', '全年開放', '09:00:00', '17:30:00', '07-6568080', '佔地約90公頃，有全臺唯一希臘情境主題樂園「義大遊樂世界」、以「品牌直營」Outlet Mall「義大世界購物廣場」、旅宿品牌「義大皇家酒店」、「義大天悅飯店」，適合大人購物、小孩玩樂；近年舉辦跨年活動盛況空前，演出卡司、煙火秀都讓人大呼過癮。\r\n園區內集遊樂園、購物廣場、星級飯店於一身，形成一個超豐富的休閒渡假村，如果一天逛不夠，還能兩天一夜小旅行，希臘風格與歐式建築吸引不少網美前來取景，此外，還可搭乘南台灣最高的摩天輪，高空眺望大高雄美景。\r\n全臺唯一希臘情境之主題樂園，園內分為衛城、聖托里尼山城和特洛伊城堡3個主題區，遊樂設施數量目前位居全臺第一，還有年度國際大秀-奇幻之旅及精彩檔期日間遊行。\r\n\r\n各項刺激設施等你來挑戰！位於衛城戶外高達55公尺的「天旋地轉」、落差33公尺的「飛越愛情海」、全亞洲唯一U型滑板體驗高速俯衝快感的「極限挑戰」以及暗室騎乘的雲霄飛車「地心歷險」、等，保證讓你不尖叫也難！', 22.7307870000, 120.4089800000, 17, '【大眾運輸】\r\n１．高鐵\r\n搭乘高鐵至新左營站下車→轉搭捷運至楠梓都會公園站下車→轉搭計程車→即可達義大遊樂世界。\r\n２．台鐵\r\n岡山站、楠梓站、新左營站、鳳山站下車，出口轉搭義大客運前往義大遊樂世界。\r\n３．義大接駁車\r\n捷運左營站1號出口前方5號月台\r\n【自行開車】\r\n『南下』\r\n國道1號中山高速公路：經由國道1號南下→鼎金系統交流道→國道10號往仁武方向→下仁武交流道→接高52線（義大二路）→義大遊樂世界。\r\n『北上』\r\n國道1號中山高速公路：經國道1號北上→鼎金系統交流道→國道10號往仁武方向→下仁武交流道→至186線（水管路）→接高52線（義大二路）→義大遊樂世界。\r\n國道3號高速公路：經國道3號北上→燕巢系統交流道→國道10號往高雄方向→下仁武交流道→至186線（水管路）→接高52線（義大二路）→義大世界', '06:00:00'),
(600013, '旗津彩虹教堂', '象徵雨過天晴的彩虹，因為旗津美麗的海岸線而停留，更讓高雄這座以愛聞名的城市，增添海洋浪漫氣息。', 4, '高雄市旗津區旗津三路990號', '全年開放', '06:00:00', '16:00:00', '07-3316040', '彩虹教堂（Rainbow Arch）以幾何的建築形態為主要設計元素，搭配不同時間光影變化產生立體的空間感，彩虹色系則代表幸福意涵，為新人帶來好運祝福。\r\n另外彩虹教堂特別選在旗津沙灘場域，配合真實的海景，形成天然地景為概念，一旁的水池透過拍攝角度呈現無邊境視覺效果，讓建築體像是飄浮在海中央，塑造還天一色的婚紗美境。\r\n讓旗津遊客不必遠渡重洋也能拍出浪漫的異國風情。', 22.6023312000, 120.2708578000, 17, '【大眾運輸】\r\n1.高鐵\r\n搭高鐵至左營站下，再轉搭其他大眾運輸工具。\r\n2.捷運\r\n搭捷運至西子灣站，轉搭公車248、31、五福幹線至鼓山渡輪站下，搭乘渡輪至旗津。\r\n3.公車\r\n(1)由高雄火車站前搭乘248路之高雄市公車至鼓山輪渡站，轉搭渡輪至旗津輪渡站，再步行或騎機車前往。\r\n(2)搭乘高雄市公車31、水岸公車、五福幹線、高鐵鼓渡公車至鼓山輪渡站，轉搭渡輪至旗津。\r\n\r\n【自行開車】\r\n中山高(國道1號)終點中山交流道下→接漁港北路→遇新生路左轉直走→即有路標指示往過港隧道後行駛旗津二、三路即可抵達。', '00:15:00'),
(600014, '哈瑪星鐵道文化園區', '車站停駛後保存了鐵道古蹟，廣大場域綠化為草地，有老火車、鋼鐵裝置藝術等可欣賞。', 2, '高雄市鼓山區鼓山一路32號', '全年開放', '00:00:00', '23:59:00', '07-5316209', '「哈瑪星」是日治時期填海而來，這塊海埔新生地產生了新市街，包括新濱町、濱町等地。當時位於哈瑪星的打狗驛，鐵路延伸闢建往港口碼頭的「濱線」及「商港線」，日語濱線發音為「Ha-Ma-Sen」，當地居民以台語發音譯為「哈瑪星」。\r\n哈瑪星鐵道文化園區就是原日治時期的打狗驛，是高雄第一個火車站，曾是全臺規模最大的貨運車站，為高雄帶來現代化發展。園區裡的舊打狗驛故事館為原車站體，因位居海陸交通要衝，二戰時受空襲摧毀，現存站體為1947年重建，成為之後的台鐵高雄港站，2003年被登錄為高雄市歷史建築。鐵道古蹟保存狀況十分完整，高雄市政府規劃為鐵道文化園區，在舊打狗驛故事館外的廣大綠地，面積達到12座足球場，草地上仍看得到昔日鐵軌，園區內也放置了經典懷舊的百年老火車廂、古董蒸汽火車頭、鋼鐵裝置藝術等。廣闊場域適合教學、休閒的遊憩場所，草地上大型的旅行箱、留聲機等鐵雕藝術品，以及充滿歷史氣息的老火車，吸引民眾駐足拍照，從駁二藝術特區延伸至此，哈瑪星鐵道文化園區也成為在地居民與各地遊客的最愛。', 22.6200050000, 120.2816000000, 17, '【大眾運輸】\r\n1.火車、公車\r\n至高雄火車站下車後→可至前站搭乘建國幹線(88)或56號→於五福四路大勇路口下車→步行五分鐘可抵達會場。\r\n2.公車\r\n搭乘五福幹線(50)→於五福四路大勇路口下車→步行五分鐘可抵達會場。\r\n哈瑪星線→舊打狗驛(打狗鐵道故事館)捷運西子灣站二號出口搭乘→於駁二特區站下車即可。\r\n3.捷運\r\n捷運橘線鹽埕埔站1號出口，沿大勇路向南步行約5分鐘即可到達。\r\n捷運橘線西子灣站2號出口，沿西臨港線自行車道向東步行約2分鐘即可到達。\r\n【自行開車】\r\n行駛國道1號下中正交流道→沿中正路至凱旋路口(勿往中正地下道行駛)→轉五福路直行→過五福橋(愛河)→大勇路左轉到底即可抵達，車程約30分鐘。\r\n\r\n【自行車】\r\n駁二藝術特區為高雄最熱門的「西臨港線自行車道」所經過。騎乘路線參考：新光碼頭→真愛碼頭→駁二藝術特區→駁二「蓬萊倉庫群」→漁人碼頭→打狗鐵道故事館→西子灣。', '01:00:00'),
(600015, '旗津貝殼館', '旗津貝殼展示館收藏規模堪稱國內首屈一指，展示約有2000多種貝類和約200種蟹類的標本，5大天王貝殼全到齊。', 4, '旗津貝殼館位於高雄市旗津區旗津三路887號2樓', '全年開放', '09:00:00', '17:00:00', '07-5718920', '黃金色的裝置藝術座落在海濱之上，外型有如巨大的耳朵聆聽海浪的潮起潮落，有人說，貝殼就有如海裡的耳朵，只要您將自己的耳朵湊上貝殼，就能聽到大海的聲聲呼喚…。為國內規模最大的公立貝殼展示館，展示約有2000多種貝類的標本，館藏由黃葛亮先生及沈淑惠小姐提供。鎮館之寶是巨大的「二枚貝」，其他珍奇貝類如鸚鵡螺、黑星寶螺、龍宮貝等，也是美不勝收的珍藏。', 22.6011500000, 120.2742500000, 17, '【自行開車】\r\n國道1號-高雄端交流道下-新生高架道路-新生路-中興路-過港隧道-旗津一路至三路-廟前路-海岸路。\r\n\r\n【大眾運輸】\r\n搭高鐵至左營站下或搭臺鐵至高雄站下-轉搭高雄捷運至西子灣站下-轉搭渡輪至旗津輪渡站下。\r\n搭高鐵至左營站下或搭臺鐵至高雄站下-轉搭高雄捷運至草衙站下-轉搭高雄市公車紅9A至旗津輪渡站下。', '00:30:00'),
(600016, '旗山老街', '漫步在歷史與人文氣息匯集的百年山城老街，巴洛克紅磚建築與砂岩堆砌的石拱亭仔腳，無不散發優雅古典的氣息', 27, '高雄市旗山區中山路', '全年開放', '10:00:00', '20:00:00', NULL, '旗山由於位居交通幅輳及農產富饒之地，自清朝以來便官商雲集、繁華一時。漫步在歷史與人文氣息匯集的百年山城老街，巴洛克立面裝飾的紅磚建築與砂岩堆砌的石拱亭仔腳，無不散發優雅古典的氣息，更有多棟建築物被指定為古蹟或文化資產，值得一一尋訪品味。旗山曾是香蕉及蔗糖的集散地，拜訪古色古香的老街商圈，除了可以深入了解歷史文化及老建築物的風貌，此地著名的各式傳統小吃及在地特色的香蕉點心、冰品也都讓遊客回味無窮。獨一無二的美食與建築，是旗山老街商圈特殊的魅力所在。', 22.8846273000, 120.4793989000, 17, '位於高雄市旗山區復興街、中山路、華中街一帶。\r\n【大眾運輸】\r\n從高雄火車站可搭高雄客運305或308，至旗山站下車。\r\n\r\n【自行開車】\r\n國道3號下田寮交流道後→循184縣道往東走即抵旗山。', '01:00:00'),
(600017, '航空教育展示館', '位於空軍官校內，以教育、航太、科技、專業為宗旨，有效推動全民航空教育，形成岡山特有的空軍文化。', 19, '高雄市岡山區致遠路55號', '全年開放', '08:00:00', '17:00:00', ' 07-6258111', '航空教育展示館為全亞洲唯一的飛機懸吊展示場，館內44架中、美、蘇國寶級軍機實體機展示。紀錄了國共內戰期間深入敵軍蒐集情報的黑蝙蝠與黑貓中隊，以及搭載過四任元首，創下0失事紀錄的空軍一號─中美號，每一架飛機都走過大時代的歷史歲月，默默的捍衛家園，守護台灣，航空教育展示館邀請您一起揭開空軍建軍歷史的神秘面紗，了解這些航空英雄的豐功偉業。\r\n除了軍機展示之外，還有各種飛彈武器裝備、航空文物的展示，此外館內提供DIY課程，體驗飛機結構與飛行原理，館內也規劃眷村文化館販售在地美食與特色伴手禮，替這趟充實的空軍航太之旅劃下一個美好的句點。', 22.7941572000, 120.2664983000, 17, '【大眾運輸】\r\n從高雄火車站可搭高雄客運305或308，至旗山站下車。\r\n\r\n【自行開車】\r\n國道3號下田寮交流道後→循184縣道往東走即抵旗山。', '01:00:00'),
(600018, '逍遙園', '由⽇本知名宗教家與探險家⼤⾕光瑞設計，為台灣少見的和洋折衷建築，整修開園後，馬上成為打卡景點。', 3, '高雄市新興區六合一路55巷15號', '星期一', '10:00:00', '18:00:00', '07-2225136', '逍遙園為台灣少見獨特的和洋折衷建築，兼具日式與西洋建築美學，有別於傳統日式建築，十分少見，每個角落值得細細品味。自正式開園後，即吸引眾多網友目光，成為新興打卡景點，白天宅院淡雅靜謐，夜間點上暖黃色燈光，顯得神秘又懷舊。\r\n\r\n逍遙園於日治1940年11月1日建成，最早為⽇本知名宗教家與探險家⼤⾕光瑞在台灣居住的農園別墅，建築格局融合私塾與農莊十分特殊，光是建築就佔了250坪，總佔地1萬2千坪，主要用來訓練門生，發展熱帶農業。大谷光瑞生前活躍於亞洲各國，在好幾個國家都有別墅，「逍遙園」是他在台灣的別墅，也是碩果僅存的一個；逍遙園在二戰後被政府接收，成為軍醫院眷屬宿舍，周圍一度發展成眷村。\r\n\r\n後來逍遙園年久失修，漸漸隱沒於眷村之中，2008年曾面臨拆除危機，經各界奔走才得以保存下來，2010年登錄為歷史建築，2017年啟動修復，花費3年、斥資上億元整修，2020年11⽉開園啟⽤，重現歷史風華。融合西洋與日本建築特色，外觀主色系為綠色，由染成綠色的貝殼砂粉、綠釉瓦、綠色水泥瓦等組成，同時期相同色系的建築還有高雄市役所（今高雄市立歷史博物館），推測為當時流行色或出於國防保護色考量，此外，建築裡還發現有兩座防空洞。採用逾10款建築木料，擁有建築裝飾「唐破風」（正門屋頂裝飾部件，為兩側凹陷，中央凸出成弓形），從牆壁上的石雕家徽、精緻的木條裝飾隔窗與日洋混合的雙客廳設計等特徵，都呈現出逍遙園過去的豪華。\r\n\r\n二樓室內天花板飾面，是國內鮮有的「網代天井」日系特殊工法，不少牆面也保留了日本傳統的市松紋樣；值得一提的是，為讓歷史如實重現，修復過程中找來日本匠師以傳統工法復舊，許多材料還特地從日本運送來台。', 22.6317814000, 120.3071397000, 17, '【大眾運輸】\r\n捷運:橘線信義國小站步行5分鐘抵達\r\n【自行開車】\r\n', '01:00:00'),
(600019, '愛河之心', '位於高雄市的愛河中上游，由人工蓄洪湖東湖與西湖構成，兩湖中間興建一座橋貫通，形狀好似一個心形。\r\n', 8, '高雄市三民區博愛一路和同盟一路、二路', '全年開放', '00:00:00', '23:59:00', '07-7995678', '佔地1.4平方公里的愛河之心是二個人工蓄洪湖構成，較淺的東湖是生態池，打造的仿自然環境供魚蝦生物棲息生長，西湖因水位較深，除了滯洪及生態功能外還供愛河遊船行駛停靠，兩湖之間由空橋連繫，形成美麗的心型。\r\n每當夜幕低垂，彩色燈光投影在湖畔水景噴泉及橋面，白色縷空護欄也映照出朵朵美麗心花，猶如愛河上最閃爍燦爛的珠寶，浪漫情調總是吸引遊客情侶在湖畔漫遊、不捨離去。\r\n愛河之心交通便捷，除公路捷運外，尚有水路遊船及單車步道，是體會夜高雄之美的最佳去處。', 22.6248600000, 120.2891200000, 17, '【自行開車】\r\n國道1號-高雄交流道下-中正一路至四路-河東路。\r\n\r\n【大眾運輸】\r\n搭高鐵至左營站下或搭臺鐵至高雄站下-轉搭高雄捷運至市議會站下。', '00:30:00'),
(600020, '蓮池潭風景區', '蓮池潭為清代「鳳山八景」之一，潭畔旁的「龍虎塔」鎮守在此，是高雄市最具傳統宗教色彩的風景區之一。', 6, '高雄市左營區蓮潭路', '', '00:00:00', '23:59:00', '07-5819286', '擁有深邃東方寓意的勝境，位於左營區的蓮池潭，南鄰龜山、北倚半屏山，清朝時期因潭中遍植荷花，每逢夏季清香四溢，素有「泮水荷香」美譽，成為清代的鳳山八景之一。\r\n蓮池潭畔的指標性建築「龍虎塔」，讓人感受到東方宗教文化的震撼，曾被美國有線電視CNN特別推薦，是高雄市最具傳統宗教色彩的風景區之一。\r\n\r\n蓮池潭畔廟宇眾多達20多座，以龍虎塔、春秋閣、北極玄天上帝、孔廟等最知名，其中，龍虎塔最受國際旅客喜愛，是來高雄必訪的熱門景點，CNN曾於2014年刊登「愛上高雄十大理由(10 reasons to love Kaohsiung)」中，特別推薦消災解厄的「蓮池潭龍虎塔」。\r\n龍虎塔建於1976年，高7層的塔可由龍口進、虎口出，龍塔內壁畫有勸世故事的交趾陶作品，出自名家之手，塔身與九曲橋相銜、相映湖面成美景。\r\n據說參觀龍虎塔有規矩，要從龍口進入、虎口出來，意即「入龍喉出虎口」，就能趨吉避凶，登上塔頂即能一覽蓮池潭美景全貌。矗立在此已經超過一甲子，為兩座中國宮殿式樓閣，一稱「春閣」，另一稱為「秋閣」，為紀念孔子作「春秋」而命名。各為四層八角、綠瓦黃牆，宛如寶塔，古色古香的塔影倒映水中，並與九曲橋相互連結，為紀念武聖關公而建，造型為當時全臺灣塔中之翹楚，又稱「春秋御閣」。\r\n春秋御閣設有一座龍形隧道，與龍虎塔相似，旅客同樣可以依循著指引走進龍口，進入後的隧道繪有五彩繽紛的彩繪，訴說著許多宗教故事，繪製的細節非常豐富，許多人帶著虔誠的心來走訪並欣賞牆上的精緻畫風。\r\n位在春秋閣的前端有一尊騎龍觀音，關於此一騎龍觀音的由來有一傳說：觀音菩薩曾騎龍在雲端現身，指示信徒要依其現身之形態建造聖像在春閣與秋閣之間，於是有現今的騎龍觀音聖像。', 22.6786950000, 120.2969100000, 17, '【自行開車】\r\n國道1號-鼎金系統交流道下-國道10號-左營端交流道下-翠華路-勝利路-蓮潭路。\r\n\r\n【大眾運輸】\r\n搭高鐵或臺鐵至左營站下-步行約10分鐘。', '01:00:00'),
(600021, '光之穹頂-美麗島站', '由義大利藝術家Narcissus Quagliata歷時四年半所完成，藉玻璃、彩繪及燈光組合的玻璃藝術創作', 3, '高雄市新興區中山一路115號', '全年開放', '06:00:00', '23:59:00', '07-7938888', '本站是捷運紅線與橘線交接的轉運站，站區範圍廣大，設有11個出口。車站建築裡外都像是藝術品，四座玻璃帷幕鋼骨站台建築，是由日本建築師高松伸所設計，象徵「祈禱」之意，是為紀念當年在此地發生的美麗島事件。站內的公共藝術「光之穹頂」，是由義大利藝術家水仙大師「Narcissus Quagliata」歷時四年半所完成，藉玻璃、彩繪及燈光組合的玻璃藝術創作，代表宇宙誕生、成長、榮耀與毀滅，被美國旅遊網站「BootsnAll」評選為全世界最美捷運站第二名。\r\n這個以「愛與包容」為主軸大型公共藝術，直徑長達30公尺，穹頂面積660平方公尺，藝工們依據水仙大師親自繪製1:1的鉛條線稿，手工製作穹頂上的每一根線條（鉛條），呈現出鑲嵌玻璃在千年傳統累積下的新面貌，是目前世界上最大玻璃鑲嵌藝術的經典鉅作。\r\n', 22.6313880000, 120.3019100000, 17, '【大眾運輸】\r\n搭高鐵至左營站下或搭臺鐵至高雄站下-轉搭高雄捷運至美麗島捷運站下。\r\n【自行開車】\r\n國道1號-高雄交流道下-中正一路至三路。\r\n\r\n', '00:10:00'),
(600022, '新堀江商圈', '一如臺北市的西門町，鎖定年輕客層，販賣各種流行服飾單品，提供流行最前線的休閒購物選擇。', 3, '高雄市新興區五福二路與中山路口交會路口', '全年開放', '13:00:00', '23:59:00', '07-2386113', '改良式經營、鼓勵自行創業的\"新崛江\"。\r\n\r\n有鑑於“舊崛江”以往的成功及面臨的衰退，就在民國77年間“新崛江商圈”的拓荒者，選擇鄰近港都最熱鬧的大統百貨公司五福二路仁智街口，三商百貨旁，以跳脫傳統的經營來改良原有\"崛江\"購物環境的構想。\r\n\r\n年輕、新潮、休閒、購物、飲食集一身的新崛江商圈立地條件突出，迅速吸收其他業者進駐，商圈擴大成型。 \r\n商圈內業種由最休閒代表的電影院 、最能展現新潮流行的服飾、珠寶、鐘錶、化妝品、美容等名店、到最具飲食文化代表的咖啡店、 美式速食店、日式速食店等餐飲及各式各樣的攤商。\r\n\r\n幾年來“新崛江商圈”蔚發展成為南台灣最大最著名的舶來品銷售地，也成為南台灣流行時髦的代言人。\r\n“新崛江”與巴黎、米蘭、香港、東京展現零時差的同步流行，商圈內商品鎖定年輕客層，提供年輕人最佳 的休閒購物選擇。今日的新堀江業已成為南台灣年輕、新潮、休閒、購物等的流行購物天堂。', 22.6232575000, 120.2973961000, 17, '【大眾運輸】\r\n1.高捷\r\n搭乘高雄捷運紅線，於「中央公園站」下站，往2號出口出站即可。\r\n2.公車\r\n高雄火車站前搭12、100、301號、機場幹線公車在中央公園站下車可抵。\r\n\r\n【自行開車】\r\n中山高(國道1號)中正交流道→下順中正一路接五福一路、二路直走→遇文橫路右邊即抵。', '01:00:00'),
(600023, '愛河', '白天的清新秀麗，天色一暗便流露風情萬種，乘愛之船，細聽愛河故事，欣賞水波蕩漾的夢幻河岸。', 9, '高雄市前金區同盟路接前金區河東路、河西路', '全年開放', '00:00:00', '23:59:00', '07-7995678', '愛河發源於高雄縣仁武鄉，流經高雄市區，為高雄主要河川之一，最早稱為打狗川，後被日本人改名為高雄川，1948年中正橋附近由民間經營划船所，名為愛河游船所，豎立招牌在橋畔營業，某日颱風過境將招牌中游船所三字吹落，只剩愛河兩字，又巧遇情人於此殉情，所以才有現在的名稱。\r\n\r\n愛河全長約16.4公里，猶如城市的母親之河，下游河岸整治而成河濱公園，是市區內散步休憩的好去處，也是端午節划龍舟與元宵節燈會的舞台。過去由於工業污染與都市廢水排放不當，使得愛河因污染嚴重而惡名昭彰，但近年來經政府努力整治，並陸續在河岸兩旁進行綠化，闢建休息設施方使愛河的浪漫風華得以重現。 在高雄市交通局積極爭取下，花將近四千萬元打造15艘「愛之船」，「愛之船」是20人座的動力引擎小型觀光船，以愛神「丘比特」及七對國際知名情侶命名。在愛河沿線設許多停靠站供市民上下船，沿途瀏覽河岸美景並享受咖啡美食，觀賞街頭藝人表演，對活絡港都觀光產業的商機，將具有畫龍點睛作用。\r\n\r\n愛河入夜以後沿著水面點點霓虹彩光，東西兩岸各具不同情調的\"愛河曼波\"與\"黃金愛河\"咖啡藝文廣場，散發迷人的咖啡香及快慢交替的美妙樂音，令人不得放慢腳步而融入其中，讓港灣城市的水岸休閒風情，為身心靈作徹底的放鬆，利用「愛河行船」的浪漫風情，使鹽埕水岸風華再現。 經過市政府淨化河川後，愛河河畔已然成為高雄市最美的河濱公園，公園樹木參天、鳥語花香，在涼椅上休憩小坐，或在河邊咖啡享受下午茶點，白天河畔週邊有各式展覽及表演活動，入夜後則可見到河面閃閃金光，市街金碧輝煌，亦是欣賞街頭藝人展現藝術與活力的地方，每每夕陽西下後總是許多深藏不露的人才在此出現，盡力的表現才能為的不是賺錢，而是賺得來往人群的駐停欣賞與在此得到的歡笑與喜悅。', 22.6270692000, 120.2860398000, 15, '高雄市前金區同盟路接前金區河東路、河西路', '00:30:00'),
(600024, '城市光廊', '使裝置藝術與光影交錯，讓原本白日平凡、夜晚陰暗的人行道幻化為藝術夢想的舞台。', 9, '高雄市前金區中華三路6號', '全年開放', '00:00:00', '23:59:00', '07-7995678', '在中山路和中華路之間的五福路，從前到了夜晚就顯得漆黑黝暗的路段，現在則是充滿藝術氣息的氛圍;白天明亮閒適，夜晚嫵媚繽紛。\r\n\r\n九位藝術家的原創作品再加上「SMILE—2001希望之牆」，讓大家行走光廊中，充分感受藝術與生活的完美融合。由市長與2001位市民提供的燦爛笑臉為素材，製作成的「SMILE—2001希望之牆」則是表達出希望市民每天可以微笑來迎接新一天的來臨。\r\n全新風貌的城市光廊設置了十六件新的主題裝置作品，其中有高度3.6公尺的不鏽鋼長頸鹿，在綠樹掩映中增加了公園的趣味。另外有鋼鐵雷射切割的城市風景、牆面創作、地面3D創作等等，在中央公園的林蔭美景搭配下不但展現了藝術創意及活力，夜晚在燈光雕琢下更顯風情萬種。多樣互動的裝置藝術活化了城市光廊的遊趣、附設的餐飲及藝文空間活動也提供了藝術展演及愜意的休憩空間，是遊客及旅人體驗都會生活美學及人文品味的好地點。\r\n走入城市光廊，伴隨著悅耳的爵士樂，漫步在迷炫的燈光下，隔絕了一切的繁雜喧囂，感受著徐徐微風;城市光廊，正在期待著您來親身體驗 。', 22.6230480000, 120.2988900000, 17, '【大眾運輸】\r\n1.高鐵\r\n搭高鐵至左營站下，再轉搭捷運紅線，於「中央公園站」下車。\r\n2.火車\r\n搭乘火車於「高雄火車站」下車，再轉搭100路、水岸巴士（火車站－鼓山輪渡船）前往。\r\n3.捷運\r\n搭乘高雄捷運紅線，於「中央公園站」下站1號出口出站。向南步行約1分鐘可達。\r\n4.公車\r\n搭乘12、15、25、33、52、69、72、76、77、92、100、218、紅25、五福幹線、水岸公車(例假日行駛)、中華幹線、高鐵鼓渡專車可達。\r\n\r\n\r\n【自行開車】\r\n中山高(國道1號)→中正交流道下→順中正一路→接五福一路.二路直走→遇中山路即抵。', '00:30:00'),
(600025, '高雄文學館', '兼容現代主義與西洋歷史兩種式樣。空間型態則兼具文學創作與文化休閒功能，細細品味獨特魅力。', 9, '高雄市前金區民生二路39號', '全年開放', '09:00:00', '21:00:00', '07-2611706', '高雄文學館位居高雄市中心的中央公園內，緊鄰聞名遐邇的「城市光廊」。建築本身設立於1954年，原是作為戰後高雄的第一棟圖書館使用，1997年轉作第二總館。時至2003年，政府為推廣在地文學，才將之更名為全臺首座以城市命名的文學館，由作家葉石濤親筆題名館銜。正式啟動高雄文學的保存、典藏和推廣使命，並在2006年獲文建會核可為「地方文化館」。\r\n2020年申請文化部「博物館與地方文化館發展計畫」補助，重新整修後開放的空間以活動辦理和展覽為主。館內設有展覽室、圖書室以及各式複合型活動空間，用以舉辦不同類型的文學活動和主題特展。二樓「高雄文學典藏圖書室」則收藏有高雄作家著作、研究論文及合集。\r\n\r\n這棟左右對稱的二層樓建築，至今仍保留原始結構與裝飾細節，充分展現1950年代建築風格，兼容現代主義與西洋歷史兩種式樣。空間型態則兼具文學創作與文化休閒功能，讓民眾在享受多元化的文學體驗之餘，亦能細細品味高雄作家及其文學作品的獨特魅力。', 22.6255046000, 120.2954116000, 17, '【大眾運輸】\r\n捷運：搭乘高雄捷運紅線中央公園站（R9）1號出口，出站過紅橋右邊，徒步約5分鐘。公車：高雄車站轉乘100路，101路，71路，69路，15路，12路公車，中央公園站下車，步行約15分鐘。\r\n\r\n【自行開車】\r\n1.國道1號(中山高)中正交流道下→沿中正一路→至中正四路→左轉至中華三路→至民生二路左轉→即可達高雄文學館\r\n2.國道1號(中山高)三多交流道下→沿三多一路→至中華四路右轉→(經圓環)至中華三路→至民生二路右轉→即可達高雄文學館', '01:00:00'),
(600026, '高雄關帝廟', '香火鼎盛、歷史優久的寺廟，主祀關聖帝君關羽，為忠義的象徵，總是擠滿膜拜祈求好運平安的善男信女。', 5, '高雄市苓雅區武廟路52號', '全年開放', '06:00:00', '23:00:00', '07-7218782', '高雄關帝廟已創廟715年歷史，原名為「關帝廳」，光復後改名高雄市「五塊厝武廟」，民國69年重建告成後，由何應欽將軍親臨賜「高雄關帝廟」匾額，即此名稱之主祀神為民間信眾極廣的－關聖帝君。\r\n\r\n高雄關帝廟主神供奉是關聖帝君（關羽），為忠義的象徵，脇祀關平太子及周倉將軍，配祀註生娘娘及福德正神，後殿則同祀觀音菩薩，配祀普賢菩薩及文殊菩薩。\r\n\r\n關帝廟內設有「聚福財神殿」，專為信眾進財、消災解厄，廟中的「月下老人」殿也吸引許多未婚男女祈求牽線，另設有文昌殿，奉祀文昌帝君及倉頡先師，祈求運勢、家運、學業、考試升遷順遂，另外還設有太歲殿，提供信眾安太歲祈求平安。\r\n\r\n近年來關帝廟致力將宗教文化與觀光結合，特別是每年春節至元宵期間，都會舉辦精彩又多元化的活動，其中包括乞平安龜、吃平安壽麵、猜燈謎和創意花燈大展等，提供許多傳統民俗活動讓民眾一同參加。', 22.6306723000, 120.3290771000, 17, '【大眾運輸】\r\n火車：搭乘台鐵至高雄火車站，轉搭捷運至紅線美麗島站→轉乘捷運橘線至五塊厝站（08）6號出口→步行3分鐘→高雄關帝廟。\r\n捷運：\r\n1.橋頭站（捷運紅線）→美麗島站（轉捷運橘線）→五塊厝站6號出口→步行3分鐘→高雄關帝廟。\r\n2.西子灣站（捷運橘線）→五塊厝站6號出口→步行3分鐘→高雄關帝廟。\r\n3.大寮站（捷運橘線）→技擊館站1號出口→步行3分鐘→高雄關帝廟。\r\n公車：\r\n1.五福幹線、248、紅27號公車於→中正路上技擊館站下車→步行3分鐘→高雄關帝廟。\r\n2.建國幹線、紅27、橘18號公車於→建國路上vs輔仁路口站下車→步行2分鐘→高雄關帝廟。\r\n\r\n【自行開車】\r\n1.中山高速公路→建國交流道→建國路（右轉往市區）→輔仁路中正國小前（左轉）→武廟路（右轉）100公尺→高雄關帝廟。\r\n2.中山高速公路→中正交流道→中正路（右轉往市區）→輔仁路中正國小前（右轉）→武廟路（左轉）100公尺→高雄關帝廟。', '00:30:00'),
(600027, '衛武迷迷村', '老社區成功用顏色翻轉城市意象！多達135面的壁畫，是全台首座大型藝術壁畫社區。', 5, '高雄市苓雅區衛武里行禮街與尚勇路', '全年開放', '00:00:00', '23:59:00', '07-7499588', '「衛武迷迷村」坐落於高雄市苓雅區，鄰近衛武營國家藝術文化中心，原先只是個平凡老社區。\r\n「高雄苓雅國際街頭藝術節」2016年開始，透過各國藝術家進行大型牆面彩繪，社區處處充滿色彩，讓在地居民的住家魅力翻轉，成為遊客拍照景點，也是全台首座大型藝術壁畫社區。\r\n活動邀集各國知名藝術家及國內頂尖藝術創作者，進行大型牆面彩繪、公共物件藝術創作等，活動每年持續舉辦至2021年，目前累計邀請24個國家、共超過50名國內外優秀藝術家進行創作，有多達135面的彩繪牆面壁畫。推出夜間燈光秀，不同於白天的靜態展示，夜間投射燈打在藝術牆面，海底世界的壁畫瞬間彷彿活了起來。\r\n除了精彩的壁畫處創作，還在許多地方設置藝術羚羊（苓雅諧音），總共17隻彩紋各異的羚羊公仔，你也能巷弄間尋找牠們的蹤跡。', 22.6271581000, 120.3413503000, 17, '【大眾運輸】\r\n高雄捷運衛武營站5號出口\r\n【自行開車】', '01:00:00'),
(600028, '高雄流行音樂中心', '由⻄班牙建築團隊結合台灣團隊施作，以海洋元素打造國際級音樂文化地標，成為南臺灣流行音樂展演核心。', 1, '高雄市鹽埕區真愛路1號', '星期一', '10:00:00', '22:00:00', '07-5218016', '設計團隊運用海洋元素，勾勒出不同特殊造型的建物外觀，不僅是南臺灣流行音樂展演核心，更是國際級音樂文化地標，以流行音樂為亮點，海洋文化為傳承，打造音樂休閒新基地。分為高低塔、珊瑚礁群、鯨魚堤岸、海豚步道、LIVE WAREHOUSE區域，其中，高低塔區域又包含高塔、低塔、海風廣場與海音館，高低塔以海浪高低起伏前衛特殊設計作為主場館的外觀設計，並連結高雄「海港」城市印象；海音館可容納4000-6000人室內表演空間，補足台灣中型場域不足缺口，海風廣場可容納8000-10000人。珊瑚礁群為複合型商業空間，以珊瑚礁造型為意象，為獨立2層樓設計，可提供體驗、展示及複合型商業空間。鯨魚堤岸以鯨魚群為建築意象設計，6棟獨立式展演空間，其中電競聯盟及KKBOX已進駐3號及5號鯨魚館。面海第一排，搭配綠化景觀台，可觀賞落日夕陽美景，緊鄰水岸線光榮碼頭輕軌站，另也設有汽車停車位，交通便利、適合平假日午後到此悠閒漫步。海豚步道為獨立型商業空間，以全長735公尺的天空步道串連高低塔、珊瑚礁群、鯨魚堤岸等所有園區。設計概念為躍出海面的海豚為意象，室內挑高5公尺，前後設置透明落地窗，享有無敵海景。', 22.6183071000, 120.2855564000, 17, '【大眾運輸】\r\n公車：一心幹線（紅18）\r\n輕軌：C10光榮碼頭站、C11真愛碼頭站\r\n【自行開車】', '01:00:00'),
(600029, '高雄市立歷史博物館', '民國81年市政府搬遷後，承載著城市發展的軌跡與市民生活的印記', 1, '高雄市鹽埕區中正四路272號', '星期一', '09:00:00', '17:00:00', '07-5312560', '高雄市立歷史博物館位於鹽埕區愛河畔的中正四路，原為高雄市政府所在地，1992年(民國81年)市政府搬遷後，鑒於五十多年來此地肩負著市政龍頭的角色、承載著城市發展的軌跡與市民生活的印記，也是228事件時的歷史現場，無論建築的外型與內涵都刻劃著高雄的光榮、傷痕與過去，因此市府將古蹟再造，改裝成歷史博物館，成為臺灣第一座由地方政府經營的歷史博物館。館內紀錄先民篳路藍縷、以啟山林的艱辛過程，期望透過高博館展示的珍貴文物和各項研究及推廣活動，讓更多的民眾了解高雄市發展的軌跡。\r\n\r\n建築外觀以淺綠的國防色系為基調，整體採中央主塔搭配兩側對稱的塔樓式造型，中軸線的設計表達莊嚴、隆重的氣氛，頂部疊加上日本傳統的四角攢尖與琉璃瓦大屋頂，建築本體於2004年(民國93年)經高雄市政府指定公告為市定古蹟，成為古蹟再利用為文化館舍的最佳典範，曾經肩負起市政領航員的角色，承載著高雄子民的生活印象與歷史軌跡，其角色的轉換，昭示著高雄城市歷史的變遷與成長。 高雄市立歷史博物館以保存及發揚高雄地區的歷史文化、豐實市民生活品質為宗旨，在營運管理上設有展覽、推廣、典藏等專業部門，從事與高雄、臺灣相關之歷史文化藝術之展示、教育推廣、文物典藏管理等保存與傳承工作，目前文物典藏8000多項、展覽無數，可說是民眾認識高雄文化的窗口、最佳的教育研討中心，也是各方研究高雄歷史的知識寶庫。期望成為學校戶外本土教學之重要場域，及國內外具知性與感性之最佳觀光景點，形塑博物館為城市觀光的一環，讓逛博物館成為最頻繁、最高級、也最平價的日常休閒活動。', 22.6269500000, 120.2867900000, 17, '【大眾運輸】\r\n1.高鐵\r\n搭高鐵至左營站下，再轉搭其他大眾運輸工具。台灣高鐵網站http://www.thsrc.com.tw/\r\n2.捷運\r\n搭乘捷運至鹽埕埔站下，至2號出口步行約10分鐘可抵。\r\n3.公車\r\n鹽埕埔站：0南、0北、78、99(假日、柴山幹線)。\r\n火車站：56(假日)、60。\r\n小港站：14。\r\n瑞豐站：11、25、82。\r\n金獅湖：33、76、77、91。\r\n建軍站：建國幹線。\r\n東南客運248。\r\n\r\n【自行開車】\r\n國道1號→中正交流道下→中正一路直行→過愛河即抵。', '01:00:00'),
(600030, '高雄市立電影館', '夜晚散發的點點藍紫光芒與愛河的波光互相呼應，在電影館前廣場散步，透露出愛河的浪漫情懷', 1, '高雄市鹽埕區河西路10號', '星期一', '13:30:00', '21:30:00', '07-5511211', '於2001年成立，空間小巧精緻，館內每天定時播放售票電影，並提供多種放映設備、電影叢書、藝術類影片及紀錄片，是高雄第一個電影文化推廣的社教單位。\r\n電影圖書館提供給參觀者一些電影、歷史以及值得紀念事件的多元綜合享受，同時也在該區以電影館為中心向外拓展文化領域，一樓展示電影相關文物，二樓則有視廳教室及限供館內借閱的片庫，三樓的大型放映室則是電影館，雖是由舊建築所改建，外觀是採用數位與科技化的現代設計，卻能成功呈現精緻與溫暖的結合，至於館內展示部分，也確實建立在城市的電影自我認同，也就是電影史的自我認同與自我發現，並結合臺灣電影史等主題，在展覽部分有高雄老戲院、電影中的高雄，及南方電影人，即高雄出身的導演與演員的系列展覽等，作為第一階段定期展覽的主軸，在設備部分，有150人的大放映廳，有15人的放映室，可供工作、研討、試片等小型討論與觀影活動，還有個人視聽區，每個人都可以去看自己喜觀看的電影。', 22.6224350000, 120.2887800000, 17, '【大眾運輸】\r\n搭高鐵至左營站下或搭臺鐵至高雄站下-轉搭高雄捷運至鹽埕埔站下。\r\n【自行開車】\r\n國道1號-高雄交流道下-中正一路-五福一路至四路-河西路。\r\n\r\n', '01:00:00'),
(600031, '瑞豐夜市', '人聲鼎沸的戶外市場，集娛樂休閒於一地，有許多販賣美食小吃、手工藝品和其他商品的攤販。', 2, '高雄市鼓山區裕誠路1128號', '星期一,星期三', '18:00:00', '01:00:00', '(09)86554866', '瑞豐夜市的地點非常醒目，位處在高雄市左營區的黃金地段，已擁有20年的歷史之久，可以說是高雄規模最大且規劃管理最優的夜市。\r\n攤位超過一千個，賣的東西更是五花八門，可說是美食雲集的地方，已成為高雄市民夜晚散步品嚐小吃的聚集地。\r\n \r\n熱呼呼現煎的鐵板牛排、木櫥滷味、入口現炸的ＱＱ蛋、現榨木瓜牛奶、超多美食小吃，彈珠台、射飛鏢還可以得到禮物喔！\r\n以及各式便宜又好穿的鞋子、時尚飾品、流行服飾～一定讓你荷包大失血。\r\n \r\n雖說高雄市的夜市不少，其中還包括享名國際的六合夜市，但經相較之後，瑞豐夜市的小吃不但平價還非常美味可口，各家都有屬於自己的獨家口味，使用的食材也是真材實料，往往讓人垂涎欲滴，回味無窮。\r\n瑞豐夜市的周圍也有不少商家，可說是非常的熱鬧，總是人山人海，但大家卻還是樂在其中。', 22.6661187000, 120.2972128000, 17, '【大眾運輸】\r\n1.高鐵\r\n搭高鐵至左營站下，再轉搭其他大眾運輸工具。\r\n2.火車\r\n搭乘火車到高雄火車站下車，改搭公車或高捷\r\n3.高捷\r\n搭乘高雄捷運紅線，於「巨蛋站」下車，1號出口出站步行約8分鐘可達。\r\n\r\n【自行開車】\r\n1、由鼎金系統下交流道→至民族路左轉→往市區方向直行→至明誠路右轉→直行至中華一路右轉直行→至美術北三路左轉即可到達。\r\n2、由博愛路下交流道→轉走大中路再轉走博愛路→至裕誠路高雄市立三民家商→即可到達。', '01:00:00'),
(600032, '棧貳庫', '存放砂糖、輸運出口的倉庫，1962年重建後扮演鐵路轉海運的重要角色，是全台最大活化老倉庫。', 2, '高雄市鼓山區蓬萊路17號', '全年開放', '10:00:00', '22:00:00', '07-5318568', '前身為日人於大正3年（1914年）所建造，用來存放砂糖、輸運出口的倉庫，迄今已有百年歷史，倉庫內並未架設任何支座，規模壯觀之大跨距空間，具有建築史及技術史上之意義，是全台最大活化老倉庫。二次世界大戰期間遭受美軍轟炸，1962年國民政府以鋼筋混凝土柱、力霸鋼筋屋架及磚牆重建，現況地景與老倉建築仍能看出其原扮演之鐵路轉海運的樞紐角色，見證台灣經濟蓬勃起飛的榮景，高雄市政府於2003年公告為歷史建築。棧貳庫修復過程中，特別保留老倉庫的歷史建築元素，例如老牆、老窗，藉以展現老建築簡約質樸的樣貌；許多遊客拍照取景的「棧前屋廣場」，即是透過桁架結構意象，用來標示原始倉庫消逝24米長的昔日身影。「棧」代表著集結、出發、成就的精神。超過 3,000 平方公尺的挑高空間中，匯集全台職人、臺灣代表品牌，在這個新舊並陳的歷史場域裡，共同創作與圓夢，打造高雄港區親水購物、休憩新體驗。館內老牆區配置的「大樹餐桌共食空間」，用餐空間舒適清幽，展館成排的落地窗，拉近倉庫與海景間的距離，棧貳庫以嶄新面貌，透過文創、展覽、餐飲的複合經營，復甦了港濱歷史空間。\r\n白色旋轉木馬、純白色氣球飛輪\r\n高雄港邊的文創棧貳庫，全臺唯一的白色旋轉木馬坐落於此，一旁的白色氣球飛輪可載遊客升空賞海景，純白色系讓許多少女心大噴發，如今是港邊最受矚目的打卡地標，白天、夜晚都好拍，這裡的海風吹起來是甜甜的滋味。', 22.6188356000, 120.2746126000, 17, '【大眾運輸】\r\n捷運:橘線西子灣站 2號出口\r\n輕軌:哈瑪星站或駁二蓬萊站\r\n公車:鹽埕埔站／搭 99 至棧貳庫\r\n臺鐵:新左營站、高雄市立美術館／搭 紅52 至 哈瑪星旅運接駁中心\r\n【自行開車】', '02:00:00'),
(600033, 'HOLO Park映像鹽埕', '50年代的復古商店街及戲院，以及全球首座「7D浮空影院」，呈現復古又創新風格。', 2, '高雄市鼓山區高雄港7號碼頭', '星期二,星期三', '11:00:00', '21:00:00', '07-5318568', '鹽埕區過去一度是高雄市最繁華奢靡的地區，光禹國際數位娛樂開發公司花費29天，在高雄港邊打造「HOLO PARK映像鹽埕」，50年代的復古商店街及戲院，懷舊感十足，加上全球首座「7D浮空影院」，以科技行銷高雄，呈現復古又創新風格。必拍的除了復古商店街，以及廣場的雙層巴士造景，異國風味的特色市集，提供美食料理、懷舊遊戲與文創商品、酒吧等，來到這裡就是一路吃喝玩樂。考究建築美學，特別打造鹽埕老街為雙層販仔厝模樣，同時也有呈現洋派風格的樓房－昔日高雄最豪華的大舞台戲院，裡頭則上演最新科技的7D浮空劇場，用五感體驗訴說過去故事。', 22.6011500000, 120.2742500000, 17, '【大眾運輸】\r\n捷運:橘線西子灣站 2號出口\r\n輕軌:哈瑪星站或駁二蓬萊站\r\n公車:鹽埕埔站／搭 99 至棧貳庫\r\n臺鐵:新左營站、高雄市立美術館／搭 紅52 至 哈瑪星旅運接駁中心\r\n【自行開車】', '00:30:00'),
(600034, '珍芳烏魚子見學工廠', '以寓教於樂的方式，介紹烏魚子的專業知識', 10, '高雄市前鎮區新衙路296巷81弄13號', '星期一', '09:00:00', '17:00:00', '07-8227488', '珍芳烏魚子是一家擁有五十年專業經驗的烏魚子工廠，第一代經營者最初的銷售店面，是在鹽埕市場裡的一間2坪小店，因製作技術及品質深受顧客信賴，建立出良好口碑及穩固客源。第二代經營者接手後，不僅遵循古法製程並導入現代化專業程序，是第一家取得ISO22000與HACCP食品安全雙認證的烏魚子工廠。​​​​​​為了讓更多民眾了解珍芳烏魚子，創立「珍芳烏魚子見學工廠」把烏魚子這個產業帶到另一個文化的層面，結合食品與文創觀光，讓遊客來這裡能體驗五感，「看的到、聽的到、摸的到、吃的到、聞的到烏魚子」，希望在休閒旅遊體驗時，能兼具食－遊－玩－學。帶您走進烏魚的時光隧道，一同來探索烏金歷史，了解高雄獨特的烏魚子文化產業。', 22.5825049000, 120.3102029000, 17, '【大眾運輸】\r\n１．捷運＋公車＋步行（搭車時間約10分鐘、步行約8分鐘）\r\n搭乘紅線凱旋西站，到對面搭乘高雄市一般公車35號，抵達中興鋼廠站下，右轉新衙路步行5分鐘，經過第一個路口（296巷）請左轉，看到左手邊白色鐵皮大樓（81弄）請左轉直行，約50公尺珍芳烏魚子見學工廠在左手邊。\r\n２．捷運＋步行（步行約30分鐘）\r\n搭乘捷運至前鎮高中站下車，直行鎮中路經過前鎮高中，看到康定路左轉到底，接著右轉新衙路，經過運通大樓的第一個路口右轉（296巷），看到左手邊白色鐵皮大樓（81弄）請左轉直行，約50公尺珍芳烏魚子見學工廠即在左手邊。\r\n\r\n【自行開車】（下交流道後約5分鐘即可抵達）\r\n國道一號下高雄交流道（終點）直走接漁港路，遇新生路右轉，遇新衙路右轉，200公尺後請左轉進入296巷，第一個路口的左手邊為白色鐵皮大樓（81弄）左轉直行約50公尺珍芳烏魚子見學工廠在左手邊。', '01:00:00'),
(600035, 'SKM Park高雄草衙', '陽光、藍天、購物、玩樂、全台最強美式生活Outlets！', 10, '高雄市前鎮區中安路1之1號', '全年開放', '10:00:00', '21:00:00', '07-7969999', '由新光三越打造國際級複合式Outlets，占地達8萬7千平方米，約有220家店鋪進駐，打造四大生活享受。\r\nOutlet購物、生活體驗、餐飲美食、休憩娛樂...等，提供全客層一站式購物體驗，多元大型態專賣店，帶給顧客度假般的心動感受。', 22.5825993000, 120.3267628000, 17, '【大眾運輸】\r\n捷運\r\nR4A 草衙站轉搭乘高雄捷運紅線至草衙站(2號出口)直達 SKM Park Outlets 高雄草衙\r\n公車\r\n(1)紅6於「捷運草衙站」下車 > 由捷運地下連通道 > 步行至SKM Park\r\n(2)紅7A、7B、7C於「捷運公司(捷運草衙站)」下車 > 步行至SKM Park\r\n(3)紅9A、9B於「捷運草衙站」下車 > 由捷運地下連通道 > 步行至SKM Park\r\n【自行開車】\r\n(1)國道中山高速公路(中山高南下)國 1 由金福路匝道出口 > 靠右往中安路 > 中安路右轉\r\n(2)台88快速道路由小港/鳳山交流道出口>左轉鳳頂路>右轉中安路', '02:00:00'),
(600036, 'MLD台鋁生活商場', '結合餐飲、影城、宴會、書屋、展演廳等生活娛樂與創意文化的大型商場。', 10, '高雄市前鎮區忠勤路8號', '全年開放', '10:00:00', '22:00:00', '07-5365388', '\r\n「MLD 台鋁」生活商場，座落於高雄新灣區，鄰近總圖書館、世貿展覽館與中鋼大樓等高雄新地標。MLD 台鋁這裡以前是台鋁的廠房，遠自日治時代的鋁業基地，生產量足以供應整個台灣重工業的建造原料。煉鋁的鍋爐燒了超過七、八十年的歷史，一起見證台灣重工業的輝煌榮光。在很有歷史性的工業建築裡，保留原本大Y字型的特色鋼樑結構，保留它曾在高雄重工業的象徵位置，留下「台鋁」之名。MLD台鋁即將成為具有餐飲、宴會、書屋、展演廳、影城等生活娛樂與文化的大型商場，並以嶄新的經營樣態見證高雄的蛻變。\r\n\r\n「MLD台鋁」，MLD (metropolitan　living　development)是企業英文縮寫，期望每個人在城市裡能擁有更好的生活。這裡絕對是大高雄結構歷史最悠久的生活空間，改造後的台鋁舊廠房，與現代設計合而為一。唯一改變的是生活文化，從重工業工廠到娛樂休閒，順著這座城市的轉變軌跡，MLD台鋁試圖提出不同的生活消費想像。', 22.6038406000, 999.9999999999, 17, '【大眾運輸】\r\n捷運\r\n捷運R7獅甲站4號出口，出站後左轉復興三路，至中華五路左轉直走約100公尺至忠勤路口，即可抵達MLD台鋁。\r\n3、高雄輕軌環狀線\r\n高雄輕軌C7軟體園區站，步行約1分鐘即可到達。\r\n【自行開車】\r\n．南下：國道一號→終點沿中山四路(往市區)&#160;&#160;→行駛至中山三路與正勤路口左轉→直行至中華五路右轉100公尺左側．', '02:00:00'),
(600037, '國立科學工藝博物館', '沉浸式劇場、3D電影院引領遊客進入科學殿堂，深入淺出傳遞科學知識。', 8, '高雄市三民區九如一路720號', '星期一', '09:00:00', '17:00:00', '07-3800089', '配合地方產業特色，台灣第一座以應用類科學為主題的博物館－國立科學工藝博物館，即設立於高雄市三民區，以蒐藏及研究科技文物、展示與科技相關主題、推動科技教育為其主要使命。科學工藝博物館占地廣闊，共分為南館與北館，戶外園區豎立了一座渾天儀，象徵了科學與知識的力量。走入博物館寬大明亮的展館，猶如進入了科學時空任意門，結合科技與生活的主題展區，以深入淺出的互動體驗介紹太空、機械、光電、交通….等等科學對人類進化的發展及影響。使用一卡通暢遊交通夢想館，親自駕駛涵蓋海陸空不同的交通載具；至太空探索館，飛出地球、探索寰宇；來到沉浸式劇場、3D大螢幕電影院，來場身歷其境的五感體驗，啟蒙大眾對於未知世界的探索、求知與嚮往。寓教於樂的科學工藝博物館是個闔家同樂的場域，同時也收藏了許多珍貴展品，國人第一款自製的戰鬥機－IDF經國號的全尺寸木質模型，更是位列鎮館之寶，也是台灣航空工業的驕傲。', 22.6414880000, 120.3225500000, 17, '【大眾運輸】\r\n1.捷運\r\n(1)搭乘高雄捷運紅線至高雄車站(R11)後，至火車站轉乘60路(往澄清湖方向)，或至後火車站轉乘73路或紅28接駁公車，至工博館站下車。\r\n(2)搭乘高雄捷運紅線至後驛站(R12)後，轉乘紅28接駁公車，至工博館站下車。\r\n2.火車\r\n在高雄火車站下車，轉搭60(前站搭乘)、73(後站搭乘)路線公車。\r\n3.計程車\r\n由火車站至博物館約10分鐘；由機場至博物館則約30分鐘。\r\n\r\n【自行開車】\r\n1.高速公路南下：於九如交流道下→右轉九如路→即可到達。\r\n2.墾丁、恆春、林園方面：於小港機場前中山路右轉上高速公路→在中正交流道下左轉中正路→至大順路右轉→在覺民路口左轉，即可到達。\r\n3.由中山路右轉民權路→至民生路右轉→接民族路左轉→至九如路右轉至本館。\r\n4.省道台南、岡山方面：經民族路至大順路左轉→到覺民路右轉→即可到達。\r\n5.屏東方面：由鳳屏路轉鳳山市建國路→接高雄市九如路→即可到達。', '03:00:00'),
(600038, '金獅湖風景區', '景色頗有東方韻味，沿著環湖迴廊漫步，細品綠蔭蓮花相映，晨昏湖光倒映之色令人流連忘返。', 8, '高雄市三民區金鼎路114巷11-2號', '全年開放', '00:00:00', '23:59:00', '07-3108142', '金獅湖原名大埤，因後有獅山、鉤狀湖面狀似伏獅而得名，是愛河源頭的儲水埤塘之一，具有防洪調節水量的功能，雖是高雄較為少人知曉的景點，但金獅湖之景依舊值得一看，有優美的湖畔散步綠廊、豐富動植物生態、手作課程、還有香火鼎盛之道德院及保安宮，體力夠的遊客甚至可以順遊澄清湖及鳥松濕地。沿著環湖迴廊，可見湖畔的金色巨大石獅及環湖，綠蔭濃密，湖中蓮花點點，不論清晨、黃昏，悠閒漫步其中，聆聽蟲嗚鳥唱，俯視湖光倒映的晨曦夕照，都令人流連忘返。新設的光橋入夜後如長虹懸掛南北兩岸，景色迷人。由於湖畔環繞著獅山公園、蝴蝶園、道德院及以保安宮，風景區內更有設備齊全的特色兒童遊樂場，景點多元很適合闔家遊玩賞景。蝴蝶園位於金獅湖風景區東側，是全國最大的網室蝴蝶園，蝴蝶種類豐富，蝶種包含大鳳蝶、黑點粉蝶、端紅蝶、黃裳鳳蝶等30多種。走進園區，牆面上可見繽紛彩繪，更有大面積的地景彩繪藝術，漫步其間，讓人在感受濃厚生態藝術的同時感受到滿滿童趣。二個大型展館內部植滿了蝴蝶食草與蜜源植物，一館建造全長24公尺、挑高4.6公尺的賞蝶空橋上，可以俯瞰蝴蝶飛舞姿態，二館設置室內解說室，有專業的導覽人員深度解說。', 22.6627590000, 120.3295900000, 17, '【大眾運輸】\r\n1.公車\r\n搭市公車17、33、72、76、77、79、91、92、224、紅36路於金獅湖站下車。\r\n2.捷運\r\n搭紅線→巨蛋站下，轉接駁公車紅36路於金獅湖站下。\r\n\r\n【自行開車】\r\n於高雄頂鼎金系統交流道下接大中一路→鼎中路→天祥路可達。', '01:00:00'),
(600039, '紅毛港文化園區', '一起穿梭400年時空，搜尋紅毛港聚落歷史古蹟的文化風貌；見證高雄開港發展百年歷程。', 11, '高雄市小港區南星路2808號', '全年開放', '10:00:00', '21:00:00', '07-8711815', '位於高雄港二港口入口處，總面積有3.42公頃，紅毛港聚落雖然因為遷村而走入歷史，但紅毛港人的生活和精神是園區裡永恆的記憶與傳承。紅毛港文化園區，是由高雄市政府文化局和紅毛港文化協會攜手合作，在園區內規劃「高字塔旋轉餐廳」、「觀海平台」、「展示館」、「戶外展示區」、「天空步道」、「碼頭與候船室」等六大區域。老房子永遠留著懷念的人情味！紅毛港遷村，僅留下紅毛港文化園區一隅。我們以意象策展取代原貌重現，利用老房子的原本構件，結合仿古建築手法，呈現仿如過去在紅毛港聚落生活時的虛擬實境。天空步道\r\n橫跨紅毛港文化園區的天空步道，前身是台電大林火力發電廠的運煤輸送帶。是遊客觀賞紅毛港美麗海景的絕佳地點。', 22.5506870000, 120.3179400000, 17, '【大眾運輸】\r\n搭乘台鐵或客運至高雄火車站→轉乘捷運或公車，搭乘方式請見以下參考：\r\n(1)高雄捷運紅線至中正站轉搭橘線至鹽埕埔站（O2站）1號出口，沿大勇路向南步行約5分鐘至駁二碼頭→搭乘遊艇前往紅毛港文化園區。（請注意遊艇時間及票價）\r\n(2)高雄捷運紅線至小港站→搭乘園區專車（假日約一小時一班）至紅毛港文化園區。（請注意時間及票價）\r\n【自行開車】\r\n自中山高下，左轉中山四路→經小港國際機場→右轉沿海一路→沿海二路→右轉中林路→右轉南星路→至港區管制站前路口左轉，朝紅毛港文化園區指標直走即可。\r\n', '02:00:00'),
(600040, '寶山二集團櫻花公園', '位處高地，天氣晴朗時可遠眺高雄市及台南市區， 也是高雄賞櫻首選地點。', 34, '高雄市桃源區荖濃溪林道寶山巷', '全年開放', '00:00:00', '23:59:00', '07-6861132', '海拔接近1500公尺高度的38甲櫻花公園，是桃源區公所公共造產用地，占地約為38甲，故稱為「38甲」。\r\n因位處高地，擁有極佳的視野，由此可眺望小關山、南橫公路入口的建山及寶來溫泉區，甚至天氣晴朗時可遠眺高雄市及台南市區等景觀。\r\n\r\n園區的櫻花，花期多於冬末春初、每年1-2月綻放，朵朵嬌豔的花海將38甲地裝扮成櫻紅繽紛色彩，透露著春天來臨的訊息，是高雄地區賞櫻首選地點。', 23.0593774000, 120.7207111000, 17, '【大眾運輸】\r\n\r\n公車\r\n旗山轉運站出發，坐高雄市公車T518，不塞車坐約90分鐘，在〈藤枝部落站〉下車，再持續步行35分，可以抵達寶山二集團櫻花公園。\r\n接駁車\r\n由六龜親水公園，土壠灣搭乘接駁車至櫻花公園\r\n【自行開車】\r\n國道1號中山高速公路往台南方向→國道10號往旗山方向→下旗屏一路出口→右轉延平二路→沿著省道28號旗六公路一路直行→過新威國小→一路況著台27甲直行→右轉太平路→過六龜大橋→左轉同樣沿著台27甲直行→左轉到新發公路省道27號→接荖蕽溪林道一路沿著山路往上，大約35分鐘，即可抵達可以抵達寶山二集團櫻花公園\r\n\r\n', '01:00:00'),
(600041, '高雄市天文教育館', '引領您進入天文科學的殿堂，利用觀賞、觀察及實地操作演練，一窺宇宙奧秘。', 11, '高雄市小港區平和南路300號', '星期一,星期三,星期五,星期六,星期日', '09:00:00', '15:00:00', '07-8131506', '在港都市民及天文迷引頸期盼，位於小港區港和國小內的天文教育館於2000年成立了。\r\n這座小而美的教育館以天文教學為主，推廣為輔，透過多媒體的展示廳、天文觀測台及各種設備及模型等等，館中尚有價值超過六百萬的300mm反射式天文望遠鏡，引領您進入天文科學的殿堂，利用觀賞、觀察及實地操作演練，一窺宇宙奧秘。\r\n天文教育館每年皆定期舉行兒童天文育樂營、特殊星象觀測等多項研習課程，透過活潑的營隊教學，增加小朋友對天文的興趣及認識，並開放團體租借「天文行動教室」，期望透過天文教育館推廣與向下紮根，引領更多人進入天文科學浩瀚的殿堂。', 22.5678500000, 120.3376900000, 17, '【大眾運輸】\r\n搭高鐵至左營站下或搭臺鐵至高雄站下-轉搭高雄捷運至高雄國際機場站下。\r\n【自行開車】\r\n國道1號-高雄端交流道下-省道臺17線-平和東路-平和南路。\r\n', '01:00:00'),
(600042, '九番埤濕地公園', '天光雲影倒映青草水岸，蟲嗚鳥唱綠意盎然的景緻，成為都市中舒心自在的美麗角落', 17, '高雄市仁武區東起自中山高速公路，西側與九番埤相連', '全年開放', '00:00:00', '23:59:00', '07-7995678', '九番埤原為提供農業水源的公有灌溉埤塘，農業蕭條及高速公路阻隔之後，一度荒廢遭到濫倒建棄土的命運。經過環保團體及地方有志之士的奔走爭取，整理疏濬原有水道，引進濕地自然公園的概念，規劃了散步道、親水區、教育區、水質沉澱區及自然林區等設施，不但提供自然生物棲息之地，也是滯洪防災及市民提供親近自然的桃花源。九番埤現存一座A字形RC構造物，為早期木業公司吊運原木至儲木池的重要工具，頗具歷史意義，也是此地的特色地標。如今如珠鍊般串連高雄南北的濕地公園己蔚然成型，天光雲影倒映青草水岸，蟲嗚鳥唱綠意盎然的景緻已經成為都市中最舒心自在的美麗角落。', 22.6871478000, 120.3238621000, 17, '【自行開車】', '00:30:00'),
(600043, '觀音山風景區', '台灣小百岳、高雄十大名山，高雄近郊的親民登山步道，尋訪「觀音八景」之美。', 16, '高雄市大社區翠屏路', '全年開放', '00:00:00', '23:59:00', '07-3513309', '位於高雄大社的觀音山，標高僅一百七十餘公尺，是小百岳之一，觀音山主峰眺遠時有如觀音盤坐聖像，因而得名。於五、六百年前造山擠壓形成的觀音山，擁有豐富鐵質的砂岩，經風化後土質細緻，許多人會赤腳登山健行，吸收大地能量、釋放身體靜電，對身體有益，故有「赤腳公園」與「藥山」之稱，來到這裡不妨嚐試赤腳感受一番。\r\n\r\n觀音山風景區有觀音山主峰、駱駝山、尖山、猴子山四座山可攀登。\r\n主峰登頂視野良好，可以遠望大社、楠梓，山頂有一個三角點及景點之一的「天洞朝暾」，人工挖掘的天洞，洞口朝天，洞道曲折悠長黑暗，可通往山腰處，需攜手電筒進入。\r\n尖山與猴子山較為陡峭，適合愛刺激的登山客攀爬，尖山山頂有尖山亭，腹地不大，僅四至五人休息，但視野極佳。猴子山則有「古榕盤根」的景點，兩棵古榕樹，盤根錯節形成奇觀，可前往一探究竟。\r\n古高雄八景之一的「翠屏夕照」是位於山腳下的巨岩，三面環山，藏風聚氣，因此獲得康熙皇帝賜名「翠屏岩」，後改建為大覺寺。在翠屏岩的左前方有一座像筆的山，即為景點「石筆初開」的石筆山，山下的古井水質甘甜，常吸引遊客前往飲用。\r\n\r\n觀音山每逢假日總會有無數的遊客或民眾前往，因此觀音山從入口到環保公園處已發展成假日市集，攤販雲集，生活用品應有盡有，歡迎前往登山兼採買，一定不虛此行！', 22.7296470000, 120.3357010000, 17, '【大眾運輸】\r\n1.高鐵：至左營站下車→搭乘高雄客運8008號（往岡山）→至大社中山路下車→搭乘計程車或步行至觀音山。\r\n2.台鐵：至楠梓站下車→搭乘高雄客運8048號或24號→至大社農會下車→搭乘計程車或步行至觀音山。\r\n\r\n【自行開車】\r\n1.國道一號下楠梓交流道（大社出口）→接興楠路→接大社中山路直行約3.5公里。\r\n2.國道十號南下於燕巢交流道下→接旗楠路→左轉鳳澄路→接和平路→左轉中山路約1公里即可抵達。\r\n3.國道十號北上於仁武交流道下→沿國道十號下的平面道路往北→接大社和平路→右轉中山路約1公里即可抵達。', '01:00:00'),
(600044, '藤枝國家森林遊樂區', '「森濤」美名的藤枝國家森林遊樂區，是享受森林浴、夏日避暑、玩賞生態最好的去處。', 34, '高雄市桃源區寶山里寶山巷150號', '全年開放', '08:00:00', '17:00:00', ' 07-6893118', '藤枝森林遊樂區位於高雄市桃源區，屬林務局屏東林區管理處管理，藤枝為山地部落名，面積751公頃，海拔高度介於500公尺至1804公尺之間，年平均溫度約攝氏18度至21度，日夜溫差不大，氣候涼爽宜人。\r\n\r\n屬亞熱帶溫帶林，原始闊葉林403公頃，人工林有348公頃，是森林浴、觀賞樹海、看日出、登山、健行、賞鳥、賞蝶、觀瀑的好去處，素有南部小溪頭之稱的美譽。\r\n闊葉林，保存完整，以樟科殼斗科為主。人工林有台灣杉、紅檜、柳杉、樟樹、台灣櫸、烏心石等針闊葉樹林，整齊優美，值得一看。', 23.0677290000, 120.7546600000, 17, '【大眾運輸】\r\n自高雄車站前搭乘高雄客運往六龜\r\n\r\n【自行開車】\r\n1.自中山高速公路鼎金交流接國道10號至旗山端下→經美濃、六龜、藤枝。\r\n2.走南二高至燕巢系統→轉國道10號至旗山端下→經美濃、六龜、藤枝。\r\n3.自屏東經高樹、大津、六龜、藤枝→即可抵達。', '02:00:00'),
(600045, '茂林谷', '岩壁形成曲流的濁口溪，與支流木勝溪交匯聚集而成泓深邃甚藍的秀麗深潭。', 33, '高雄市茂林區鄉道132線5.5k處', '全年開放', '00:00:00', '23:59:00', '0800-600766', '茂林谷位於茂林里東側之濁口溪與支流木勝溪之交會處，原名「羅木斯」，魯凱族語意為「美麗的山谷」。\r\n在羅木斯吊橋東北側河域寬廣的濁口溪溪谷中，可見泓深邃甚藍的秀麗深潭，這是岩壁形成曲流的濁口溪，與支流木勝溪交匯聚集而成藍水潭，茂林飛瀑傾瀉而下非常壯觀。\r\n可以到瀑布前造型典雅的涼亭觀瀑，以心靈享受蓬勃壯麗的大自然美景。\r\n但藍水潭底有漩渦，當地人戲稱為「少女陷阱」，不宜下水戲水或游泳。\r\n', 23.0593774000, 120.7207111000, 17, '【大眾運輸】\r\n從屏東火車站，搭屏東客運往大津路線，於萬山站下車，即可抵達。\r\n\r\n【自行開車】\r\n國道3號下田寮交流道，接省道台28線東行經旗山、美濃，由縣道181線進入高樹鄉，接台27線北行，由鄉道高132線可至茂林鄉後約5.5公里可抵達。', '01:00:00'),
(600046, '民權國小', '陀羅花木建構，滿是木頭芳香，而校舍的牆壁上雕飾有布農族的神話故事', 35, '高雄市那瑪夏區瑪雅村平和巷220號', '星期一,星期二,星期三,星期四,星期五', '09:00:00', '17:00:00', '07-6701129', '災後重建的民權國小，位於山路崎嶇的民權平台上，建築上結合原住民元素以及環保思維。依布農族高腳屋形式設計的圖書館，以曼陀羅花木建構，滿是木頭芳香。而校舍的牆壁上雕飾有布農族的神話故事，活潑生動，營造了一個充滿生氣的學習環境。', 22.9292407000, 120.1820909000, 17, '【大眾運輸】\r\n客運\r\n(1)高雄火車站-甲仙站：8032(高旗號)，每隔40分鐘發車。\r\n(2)甲仙-那瑪夏(上山)：\r\n每天班車發車時間：05:30/11:15/17:00\r\n醫療車發車時間(六日休駛)：14:00/16:00\r\n(3)那瑪夏-甲仙(下山):\r\n每天班車發車時間：06:45/13:00/18:30;\r\n醫療車發車時間：05:40/06:40/12:20/17:20\r\n\r\n【自行開車】\r\n國道1號→北門玉井線→南橫公路→南部橫貫公路→台20線→旗甲公路→忠孝路向左轉→沿台29線前行→那瑪夏區→那瑪夏賞螢步道', '00:30:00'),
(600047, '寶來花賞溫泉公園', '「美人湯」、「美肌之湯」邊泡湯、邊賞花，體驗最自然的療癒之旅。', 29, '高雄市六龜區中正路137號', '全年開放', '10:00:00', '21:00:00', '07-6883361', '荖濃溪延線的溫泉區高達8處之多，其中較知名的是位於高雄六龜區的不老溫泉及寶來溫泉，其中，位於寶來溫泉區的寶來花賞溫泉公園一年四季繁花盛開，除了可邊泡湯、邊賞花，園區還規劃豪華露營帳篷，體驗自然也沐浴身心靈。溫泉屬於碳酸氫鹽泉，水溫達52oC，PH值約7.2，為優質的碳酸氫鹽泉，其特色無色透明、泉質溫和，並因能軟化皮膚表層，洗後肌膚觸感嫩滑，又被稱為「美人湯」、「美肌之湯」。\r\n2009年莫拉克風災導致溫泉源頭受創，在高雄市政府積極推動下，2017年1月於寶來國中後方台地成功開鑿溫泉井，並將取得之溫泉導入寶來花賞溫泉公園內。\r\n\r\n高雄市政府挹注經費整修公園，於2020年重新開幕，升級泡湯設備，增加更衣盥洗室、SPA池泡湯等新設施，讓遊客更加便利，除此之外，還有夜間湯池、全年無休。湯池周邊規劃成露營區，設有豪華帳、自搭帳與露營車等設施，讓遊客在花樹下露營、在蟲鳴鳥叫聲中甦醒；園區內也增加了城市冒險探索設施，多項高空體驗讓你盡情挑戰與冒險，歡迎走進在山林裡森呼吸，創造泡湯、露營與冒險的大自然獨特旅行回憶。', 23.1069278000, 120.6998475000, 17, '【大眾運輸】\r\n公車\r\n高雄火車站、高鐵左營站搭乘E25號公車至六龜，再轉搭H11號公車至寶來\r\n【自行開車】\r\n', '01:00:00'),
(600048, '美濃民俗村', '極富客家特色且民風淳樸的小城，不同於隔壁的人口稠密的旗山，慢步調更保有早年的閒適感。', 28, '高雄市美濃區中山路2段421巷80號', '全年開放', '08:30:00', '18:00:00', '(07)6817508', '美濃區是一處富有特色的區，是南台灣民情最為純樸、地靈人傑的好地方，名勝古蹟風景優美，極富客家文化特色。\r\n為永續保存美濃傳統的民俗文化，負責人曾啟華先生將原來的廣華興紙傘廠更名改為「美濃民俗村」，繼而成立手工油紙傘、陶瓷藝術、民俗文物、客家傳統美食等的觀光旅遊服務。\r\n\r\n在美濃民俗村內可參觀紙傘的製作過程，另外民俗村內除了提供油紙傘彩繪製作研習外，也介紹客家文物、手工藝品、民俗技藝。\r\n東門窯陶藝創作坊現場拉坯、石橋窯茶陶工作室、佛教民俗文物古玩，及各項創意產品讓觀光客對於客家文化有更加深入的了解。\r\n來到此處您還可品嘗到美濃當地的傳統客家美食、美濃特產及客家鄉土小吃美食。\r\n', 22.8931438000, 120.5114021000, 17, '【大眾運輸】\r\n客運\r\n高雄火車站搭乘高雄客運往六龜班車→經美濃→美濃民俗村下車\r\n\r\n【自行開車】\r\n1.國道10號下旗山交流道→接高140線約二公里→美濃民俗村\r\n2.中山高速公路於鼎金交流道接國道10號旗山端下→循指標前行即可抵達美濃民俗村', '01:00:00'),
(600049, '美濃湖', '沿著湖畔設有單車步道，遊客喜歡來此輕騎、散步或垂釣，也是南部賞鳥的好去處。', 28, '高雄市美濃區民權路與泰安路交叉口附近', '全年開放', '00:00:00', '23:59:00', '07-6812433', '興建於西元1748年，湖面積達21公頃，是僅次於澄清湖的高雄市第二大人工湖。西北背山、三面環田，湖光山色、景色秀麗，美濃湖全區沿著湖畔設有環湖步道及自行車道，遊客喜歡來此輕騎、散步或垂釣，中正湖旅遊服務中心提供出租單車。\r\n\r\n美濃湖東側規劃栽種紅花鐵刀木、落羽杉、水柳、鳳凰木及苦楝等喬木，以及開花性灌木及水生植物，讓美濃湖除了美景，還多了分生態教育功能。水生植物叢生，加上少人干擾，成為孕育鳥類的最佳生態環境，鳥類多達60幾種，是南部賞鳥的好去處。\r\n\r\n除了常見的紅冠水雞、水雉與夜鷺等，也有小秧雞、紫鷺、池鷺、黑頭翡翠、巴鴨、紅隼、魚鷹及水雉等稀有罕見鳥種。每年10月至隔年3月，也會有大批過冬候鳥來此停歇，吸引許多愛鳥人士來此賞鳥或捕捉鳥類身影。', 22.9076902000, 120.5482258000, 17, '【大眾運輸】\r\n客運\r\n高雄火車站搭乘高雄客運往六龜班車→經美濃→美濃民俗村下車\r\n\r\n【自行開車】\r\n1.國道10號下旗山交流道→接高140線約二公里\r\n2.中山高速公路於鼎金交流道接國道10號旗山端下→循指標前行即可抵達', '00:30:00'),
(600050, '甲仙化石館', '深具學術及觀光價值，喜愛欣賞及研究化石遺跡不可錯過。', 30, '高雄市甲仙區和安村四德巷10號', '星期一,星期二', '08:00:00', '17:00:00', '07-6753180', '位於高雄市東北方的甲仙區除了盛產芋頭與竹筍，在地質上全區幾乎皆為海底沉積岩，全區高達9個主要化石區，而臨近的楠梓仙溪，更是可直接體驗採集樂趣的化石樂園。\r\n特殊的地理背景也促成甲仙化石館的成立。甲仙化石館所展出的主要是臺灣內海的魚貝類生態遺跡。\r\n主要分成甲仙翁戎螺化石館、甲仙當地化石、依年代區分的臺灣各地化石及世界化石四個展示區。\r\n全館館藏六千餘件，已然成為指標性地方專業博物館，深具學術及觀光價值，對於喜愛欣賞及研究化石遺跡的朋友而言，甲仙化石館是一個不可錯過拜訪的景點。', 23.0921854000, 120.5856918000, 17, '【大眾運輸】\r\n高雄客運\r\n由高雄火車站搭乘直達甲仙站，再轉搭往那瑪夏鄉的車次，至甲仙化石館站下車。\r\n台南興南客運\r\n由台南火車站搭乘直達甲仙站，再轉搭往那瑪夏鄉的高雄客運，至甲仙化石館站下車。\r\n【自行開車】\r\n國道1號北上，在鼎金系統交流道(左營/旗山)轉高雄支線/國道10號，下旗山交流道，左轉行旗屏路(台3線)，接旗甲路(台21線)，沿台21線可接台20線(南橫甲仙段)，至甲仙國小左轉中正路，直行至甲仙化石館。', '01:00:00'),
(600051, '林園海洋濕地公園', '袖珍型濕地內蘊藏著豐富的生態樂園，全台唯一的水母湖！難得一見的倒立水母。', 13, '高雄市林園區半廓路', '全年開放', '00:00:00', '23:59:00', '07-3368333', '每當黃昏時分，散步、觀景的人們，悠閒走在海堤上，人海天相連成一線，看美麗夕陽緩緩沈入大海，是情侶約會談心的好地方，喜愛大自然與外拍的你，怎能錯過這顆林園新星呢。\r\n本來少人知曉的私密景點，因倒立水母而聲名大噪，水母最佳觀賞期為冬季，想一睹倒立水母在清澈水中舞動的身影，可選在每年9月至隔年5月之間前來，幸運的人還可看見罕見的「藍色仙后」水母。\r\n\r\n倒立水母以傘體在下，觸手朝上，緩緩地擺動著圓盤倒立在淺水域中，其觸手含有共生藻，藉由光合作用可以獲取能量，所以白天時會以倒立姿態，將觸手朝上曬太陽。', 22.4914394000, 120.3838535000, 17, '【大眾運輸】\r\n搭乘小港捷運站→轉乘9117公車→田厝路口站下車→往南步行港嘴三路約15分鐘依指標前往→抵達公12海洋濕地公園\r\n\r\n【自行開車】\r\n國道1號南下左轉→台17線南下中山四路→台17線南下沿海路四段→右轉港嘴三路→左轉港埔三路→續接後厝路依指標前往→抵達公12海洋濕地公園', '00:30:00'),
(600053, '大愛園區', '傳說、圖騰和對顏色、造型的偏好，形成大愛園區特有的「家屋語彙」', 31, '高雄市杉林區月眉里24鄰協力街39號', '全年開放', '09:00:00', '17:00:00', '07-6776625', '「大愛原民文化公園」位於高雄杉林大愛園區內，大愛園區是由政府提供土地、慈濟基金會認養興建，是為了幫助受到莫拉克風災重創的家庭，解決災民安置的問題而興建。而「大愛原民文化公園」則是希望能夠傳承部落文化，且提供當地居民就業機會而建造。\r\n在文化園區內，展示了許多貓頭鷹的裝置藝術和標本等，這是因為對布農族來說，貓頭鷹是守護者的角色，同時也象徵著新生命與希望。在布農族有個傳說，如果在住家附近聽到貓頭鷹的叫聲，那就表示這戶人家的婦女很快會有身孕。\r\n同時也流傳著貓頭鷹是送子鳥的說法，「如果布農族婦女懷孕了，就會有貓頭鷹飛來報喜」，因此貓頭鷹就相當於嬰兒的守護神般，保護著族人。\r\n有布農族的樂舞表演，還有各種原住民手工藝DIY的體驗活動，如拓印包、琉璃串珠等。\r\n遊客在此可以享用原民輕食，騎著腳踏車跟著導覽人員的腳步，一起認識原民文化。\r\n想體驗濃濃原住民風味的你，絕對不可錯過。', 22.9669797000, 120.5413079000, 17, '【大眾運輸】\r\n客運：搭乘高雄客運→往甲仙區第8032路線→杉林國中站下車→大愛路直走（步行約10分鐘）→右轉協力街（步行約5分鐘）→即可抵達。\r\n\r\n【自行開車】\r\n1.國道10號→旗山出口→左轉接台3線→右轉接台21線→至杉林國中右轉→大愛園區。\r\n2.國道1號→國道10號（往旗山方向）→左轉接台3線→右轉接台21線→至杉林國中右轉→大愛園區', '00:30:00'),
(600054, '紫竹寺', '原為郭氏家族的保護神，因一段觀音佛祖「飛爐」顯靈的傳説，成為最具歷史與規模的「觀音媽廟」。', 32, '高雄市內門區觀亭村中正路115巷18號', '全年開放', '05:00:00', '21:00:00', '07-6671602', '內門紫竹寺不僅是內門區的信仰中心，也是全台信眾參香祈福的重要廟宇。每年的農曆2月19日、6月19日、9月19日分別是佛祖的誕辰、得道與出家日，祭典盛大熱鬧，吸引人山人海的進香人潮。其內綠意盎然，有小橋流水、涼亭造景，從荷花鐘噴出的人工泉水，常讓遊客流連忘返。\r\n相傳在清康熙年間，郭姓渡台移民來台開拓，居住在南隅番子路上，有一天供奉的觀音菩薩香爐多次自動飛出，自動移到現在的紫竹寺寺址的番石榴樹枝上。\r\n在風水上稱為蓮花穴，市民皆認為是神蹟，於是大家一起決定在此建立寺廟，以祀奉觀世音佛祖。\r\n之後更有多處神蹟傳出，使得居民對此廟十分虔誠，香火鼎盛之景象讓香霧久久不曾散去，呈現今日輝煌的香火壯觀。 ', 22.9669784000, 120.5219502000, 17, '【大眾運輸】\r\n火車：台南火車站→中山路(火車站左前方)轉乘屏東客運聯營公車(往旗山、里港)→內門車站→轉乘計程車→即可到達。(客運約三十分鐘一班車，從台南市到內門約一個小時的路程)\r\n\r\n【自行開車】\r\n南下：\r\n(1.)國道1號→台南交流道→國道8號→國道3號→關廟交流道→182縣道（往龍崎區、內門區）→台3線→即可到達。\r\n(2.)國道1號→台南交流道→國道8號→新化交流道→台20線（左鎮區、南化區）→台3線(往內門區)→即可到達。\r\n\r\n北上：\r\n(1.)國道1號→鼎金交流道→國道10號→旗山末端交流道→往台3線（旗山區、內門區）→即可到達。', '00:30:00'),
(600055, '超峰寺', '坐擁絕佳的遼闊視野，白天遠眺台灣海峽，黃昏時分賞落日餘暉，夜晚欣賞萬家燈火的百萬級夜景。', 22, '高雄市阿蓮區岡山村5號', '全年開放', '05:00:00', '20:00:00', '07-6332754', '超峰寺位於高雄市阿蓮區的崗山村，是南台灣一處超過200年以上歷史之久的佛教聖地，同時也是高雄阿蓮區最早期的佛教發源地。\r\n寺內建築雄偉莊嚴，主要供奉觀世音菩薩。正所謂『山不在高，有仙則名，寺不在老，有佛就靈』。\r\n儘管已是長達百年以上的老寺廟，仍然保有其古色古香、風韻獨存的建築特色，是當地共同的珍貴文化財產。\r\n至今的超峰寺仍舊是香火鼎盛、信眾繁多，每天總是有不少信眾們特此前來參拜，以祈求風調雨順、國泰平安、身體健康，是信眾們的中心信仰與心靈精神寄託之所在。\r\n\r\n由於超峰寺所在位置正好位於大崗山頂，於此可俯瞰整個大崗山那遼闊的自然景觀，於視野上可說是絕佳的饗宴。\r\n尤其一到夜幕降臨時分，在閃爍夜燈的點綴陪襯之下，其氣氛更顯祥和寧靜，置身其中，可令人忘卻一切煩憂紛擾，若是哪天您有空的話，不妨到此參訪一番吧。', 22.8546460000, 120.3426620000, 17, '【大眾運輸】\r\n台鐵\r\n搭乘台鐵至路竹火車站下車→轉搭高雄客運8012(旗山-阿蓮-岡山)→至九鬮站下車→轉搭計程車→即可達超峰寺\r\n\r\n【自行開車】\r\n1.(國道1號)路竹交流道下→接台28線省道(環球路、中正路)→右轉至台19甲省道(中山路)→(沿指標)直行即可達超峰寺\r\n2.(國道3號)田寮交流道下→接台28線省道(峰山路、中正路)→左轉至台19甲省道(中山路)→(沿指標)直行即可達超峰寺', '00:30:00'),
(600056, '阿公店水庫', '騎著單車迎面吹撫而來的徐徐微風，伴著清草香直撲鼻內，使人身心皆舒暢、放鬆不少。', 21, '高雄市燕巢區西燕村工程路', '全年開放', '00:00:00', '23:59:00', '07-6165641', '阿公店水庫位於高雄市的燕巢區，是全台灣施工長達有十二年之久的水庫，而於水庫旁的自行車道，是全台灣第一條環水庫的自行車道，車道長達將近有10公里。車道內設有環湖10景，分別為崗山倒影、長堤夕照、龍口吞泉、水漾釣月、煙波虹橋、竹林泮騎、樹影果香、晨鐘暮鼓、日昇蓬萊、荷塘曉風。由於自行車道內空氣清新、環境清幽且明亮整潔，沿途又可將阿公店四周美麗明媚的環湖景致盡收眼底，因此非常適合闔家蒞臨到此享受這趟知性的單車之旅。\r\n\r\n尤其一到黃昏時分，可於環湖自行車道內觀賞到夕陽緩緩沉落於西山的美麗景致，而當夕陽西下夜晚降臨時，於自行車道內的吊橋其繽紛絢爛的點燈閃爍照耀著，更將其點綴地更加浪漫、唯美、迷人。若是哪天您來到了阿公店，別忘了徹底地享受一下單車之樂。騎著單車迎面吹撫而來的徐徐微風，伴著清草香直撲鼻內，使人身心皆舒暢、放鬆不少。', 22.8099625000, 120.3544286000, 17, '【大眾運輸】\r\n捷運：搭乘捷運至橋頭捷運站下車→轉搭計程車→(往阿公店水庫方向)即可達阿公店水庫自行車道\r\n客運：搭乘8039高雄客運(鳳山-茄萣)至岡山站下車→轉搭計程車→(往阿公店水庫方向)即可達阿公店水庫自行車道\r\n\r\n【自行開車】\r\n1.國道1號岡山交流道下→轉186縣道(往阿公店水庫方向)→即可達阿公店水庫自行車道\r\n2.國道10號燕巢交流道下→接台22線→轉186縣(往阿公店水庫方向)→即可達阿公店水庫自行車道', '02:00:00'),
(600057, '宏南新村', '漫步於社區當中，映入眼簾的是老樹與老屋交織的宿舍群，優美且寧靜的環境', 7, '高雄市楠梓區宏毅一路', '全年開放', '00:00:00', '23:59:00', '07-6282100', '位於捷運世運站旁的宏南新村，佔地廣達40多公頃，地處半屏山的西北側，緊鄰國家體育場，是台灣中油公司的員工宿舍群。\r\n前身為日本第六海軍燃料廠宿舍群，是高雄保留相當完整的木造日式社區。\r\n漫步於社區當中，映入眼簾的是老樹與老屋交織的宿舍群，優美且寧靜的環境，彷彿時間在此不存在流淌，勾起人們心中的年少記憶。\r\n宏南新村內的藍色宿舍群，在網路時代迅速竄紅，讓新世代人們走入舊社區，更成為了台劇《倪亞達》的主要拍攝場景。\r\n行至社區內的中油福利社來枝中油冰棒，嘗一口古早味。', 22.7048361000, 120.2903188000, 17, '【大眾運輸】\r\n捷運:\r\n《世運站》1號或2號出口\r\n【自行開車】\r\n', '00:30:00'),
(600058, '漯底山自然公園', '受雨水沖刷，使得地表崎嶇險惡，裸露的稜線與峽谷造成荒涼特殊的地質美景', 38, '高雄市彌陀區漯底里山頂路', '全年開放', '00:00:00', '23:59:00', '07-6191216', '位於彌陀區漯底村的漯底山又稱「凹底山」，屬於惡地地形，由大小泥岩山群組成，四周有幾座小山圍繞著中間由駐軍構建的碉堡，因長期為軍事管制區而未對外開放。\r\n直到漯底山下的蔦松文化層被發現，使得這座台灣區最靠近海濱獨特的惡地形漸漸受到矚目。\r\n在軍方撤哨並交由彌陀區鄉公所代管後，現在已經成立了「漯底山自然公園」，並在多方努力下成為了鄰近鄉鎮居民登山休閒的好所在。\r\n\r\n漯底山的惡地形也是南化泥岩層的延續，由於泥質岩層裸露，受雨水沖蝕，導致山坡陡峻，土壤乾裂鬆動，因為含水性低且植物不容易著生，所以生態並不豐富。但卻是觀賞泥火山特殊奇景的好地方。', 22.7709666000, 120.2505299000, 17, '【大眾運輸】\r\n1.岡山火車站→走路到岡山國小轉乘8018線公車→抵達分歧站→轉乘計程車即可到達\r\n\r\n【自行開車】\r\n1.於中山高下岡山交流道→186縣道往西方向直行→台19甲線即可抵達\r\n2.於中山高下岡山交流道→186縣道往西方向直行→高25鄉道即可抵達', '01:00:00'),
(600059, '橋頭糖廠', '第一座現代化機械式製糖工廠，已有百年歷史，現為台灣糖業博物館', 20, '高雄市橋頭區橋南糖廠路24號', '全年開放', '09:00:00', '17:00:00', '07-6113691', '橋頭糖廠是台灣第一座現代化機械式製糖工廠，自1900年創立至今已超過百年，被列入縣定古蹟，從高雄捷運開通後，橋頭糖廠從原來的默默無聞，到突然間的聲名大噪，捷運的開通再度為這個沉寂已久的地方注入人潮。\r\n\r\n在前往糖廠的路上，遠遠的可以看見糖廠的煙囪聳立，很可惜隨著糖業沒落後，冒煙的煙囪卻不再冒煙了，在到達糖廠前會先看到冰品的販售據點－中山堂，而過去的冰品販賣部則成為現在的「糖之戀」西餐廳。為了重新改過橋頭糖廠，還有請藝術家進駐過，而「橋頭糖廠藝術村」便是那時創造出來，園中有很多創意作品可以欣賞。\r\n\r\n另外糖廠裡還有被譽為磚造建築精品的紅磚水塔和仿荷蘭在東南亞殖民地的建築、也是日治時期重要的建築之一「杜宅事務所」。還有糖廠內的台灣糖業博物館，來到糖廠一定要去，因為這裡設置了五分車及火車，供遊客搭乘、體驗過去五分車為重要交通工具的時代，人們搭五分車的感受。\r\n\r\n橋頭糖廠結合了藝術與歷史人文，十分值得大家來走走玩玩，最後別忘了到中山堂吃冰，紅豆酵母冰、鳳梨冰、米糕冰等難忘古早冰呦！', 22.7508818000, 120.3131620000, 17, '【大眾運輸】\r\n1.搭高鐵到左營站→轉捷運到橋頭站→下車步行即可到達。\r\n2.搭台鐵到橋頭火車站下→步行即可到達。\r\n\r\n【自行開車】\r\n國道一號下岡山交流道往岡山方向→再接台一線省道往橋頭方向→尋指標左轉即可到達橋頭糖廠。', '01:00:00');

-- --------------------------------------------------------

--
-- 資料表結構 `attraction_favorites`
--

DROP TABLE IF EXISTS `attraction_favorites`;
CREATE TABLE `attraction_favorites` (
  `attraction_favorites_id` int(10) UNSIGNED NOT NULL,
  `fk_member_id` int(11) NOT NULL,
  `fk_attraction_id` int(10) UNSIGNED DEFAULT NULL
) ENGINE=InnoDB DEFAULT CHARSET=utf8mb4 COLLATE=utf8mb4_unicode_ci;

--
-- 傾印資料表的資料 `attraction_favorites`
--

INSERT INTO `attraction_favorites` (`attraction_favorites_id`, `fk_member_id`, `fk_attraction_id`) VALUES
(600001, 900001, 600003);

-- --------------------------------------------------------

--
-- 資料表結構 `attraction_hegtag`
--

DROP TABLE IF EXISTS `attraction_hegtag`;
CREATE TABLE `attraction_hegtag` (
  `tag_id` int(11) NOT NULL,
  `fk_tag_name_id` int(11) DEFAULT NULL,
  `fk_attraction_id` int(10) UNSIGNED DEFAULT NULL
) ENGINE=InnoDB DEFAULT CHARSET=utf8mb4 COLLATE=utf8mb4_unicode_ci;

--
-- 傾印資料表的資料 `attraction_hegtag`
--

INSERT INTO `attraction_hegtag` (`tag_id`, `fk_tag_name_id`, `fk_attraction_id`) VALUES
(1, 1, 600001),
(2, 10, 600001),
(3, 2, 600001),
(4, 10, 600001),
(5, 3, 600003),
(6, 9, 600003),
(7, 13, 600003),
(8, 14, 600003),
(9, 1, 600004),
(10, 2, 600004),
(11, 3, 600004),
(12, 2, 600005),
(13, 8, 600005),
(14, 6, 600005),
(15, 2, 600002),
(16, 12, 600002),
(17, 2, 600002),
(18, 15, 600006),
(19, 2, 600006),
(20, 5, 600006),
(21, 3, 600019),
(22, 8, 600019),
(23, 10, 600019),
(26, 11, 600020),
(27, 3, 600020),
(28, 6, 600020),
(29, 5, 600008),
(30, 2, 600008),
(31, 5, 600009),
(32, 16, 600009),
(33, 2, 600009),
(34, 15, 600010),
(35, 5, 600010),
(36, 1, 600010),
(37, 2, 600010),
(38, 5, 600011),
(39, 2, 600011),
(40, 2, 60011),
(41, 8, 60011),
(42, 6, 60011),
(43, 5, 60011),
(44, 3, 60011),
(45, 8, 60012),
(46, 2, 60012),
(47, 15, 60012),
(48, 1, 60012),
(49, 3, 60012),
(50, 14, 600007),
(51, 13, 600007),
(52, 9, 600007),
(53, 3, 600007),
(54, 1, 600013),
(55, 3, 600013),
(56, 10, 600013),
(57, 7, 600012),
(58, 2, 600012),
(59, 8, 600012),
(60, 6, 600012),
(61, 11, 600016),
(62, 16, 600016),
(63, 2, 600016),
(64, 17, 600016),
(65, 17, 600011),
(66, 17, 600002),
(67, 17, 600003),
(68, 16, 600014),
(69, 2, 600014),
(70, 15, 600014),
(71, 3, 600014),
(72, 3, 600015),
(73, 16, 600015),
(74, 5, 600015),
(75, 1, 600015),
(76, 2, 600015),
(77, 2, 600017),
(78, 2, 600018),
(79, 11, 600018),
(80, 15, 600018),
(81, 9, 600018),
(82, 16, 600021),
(83, 1, 600021),
(84, 3, 600021),
(85, 2, 600022),
(86, 12, 600022),
(87, 17, 600022),
(88, 15, 600023),
(89, 1, 600023),
(90, 2, 600023),
(91, 5, 600023),
(92, 2, 600024),
(93, 13, 600024),
(94, 16, 600024),
(95, 9, 600025),
(96, 2, 600025),
(97, 11, 600025),
(98, 4, 600026),
(99, 16, 600026),
(100, 1, 600027),
(101, 13, 600027),
(102, 9, 600027),
(103, 14, 600029),
(104, 11, 600029),
(105, 2, 600029),
(106, 14, 600028),
(107, 2, 600029),
(108, 15, 600028),
(109, 3, 600028),
(110, 11, 600029),
(111, 14, 600029),
(112, 9, 600030),
(113, 12, 600031),
(114, 17, 600031),
(115, 14, 600032),
(116, 8, 600032),
(117, 13, 600032),
(118, 3, 600032),
(119, 15, 600033),
(120, 1, 600033),
(121, 16, 600033),
(122, 3, 600033),
(123, 2, 600034),
(124, 17, 600034),
(125, 1, 600035),
(126, 3, 600035),
(127, 2, 600035),
(128, 8, 600035),
(129, 13, 600036),
(130, 2, 600036),
(131, 8, 600036),
(132, 9, 600036),
(133, 14, 600037),
(134, 2, 600037),
(135, 16, 600038),
(136, 5, 600038),
(137, 2, 600038),
(138, 1, 600038),
(141, 2, 600041),
(142, 16, 600039),
(143, 11, 600039),
(144, 2, 600039),
(145, 5, 600039),
(146, 5, 600042),
(147, 15, 600042),
(148, 15, 600044),
(149, 2, 600044),
(150, 5, 600044),
(151, 15, 600040),
(152, 2, 600040),
(153, 8, 600040),
(154, 5, 600040),
(155, 15, 600045),
(156, 8, 600045),
(157, 1, 600045),
(158, 5, 600045),
(159, 5, 600046),
(160, 11, 600046),
(161, 16, 600046),
(162, 1, 600046),
(163, 2, 600047),
(164, 8, 600047),
(165, 5, 600047),
(166, 1, 600047),
(167, 16, 600048),
(168, 11, 600048),
(169, 2, 600048),
(170, 5, 600049),
(171, 15, 600049),
(172, 5, 600050),
(173, 2, 600050),
(174, 5, 600051),
(175, 2, 600051),
(176, 15, 600051),
(177, 16, 600053),
(178, 2, 600053),
(179, 16, 600054),
(180, 4, 600054),
(181, 3, 600055),
(182, 1, 600055),
(183, 8, 600055),
(184, 5, 600055),
(185, 4, 600055),
(186, 4, 600054),
(187, 4, 600026),
(188, 10, 600056),
(189, 2, 600056),
(190, 5, 600056),
(191, 5, 600058),
(192, 15, 600058),
(193, 16, 600057),
(194, 3, 600057),
(195, 15, 600059),
(196, 11, 600059),
(197, 2, 600059),
(198, 10, 600059),
(199, 6, 600005),
(200, 6, 600012),
(201, 6, 60012),
(202, 6, 600023),
(203, 6, 600042),
(204, 7, 600044),
(205, 7, 600035),
(206, 7, 600037),
(207, 12, 600033),
(208, 12, 600033),
(209, 12, 600036),
(210, 12, 600035);

-- --------------------------------------------------------

--
-- 資料表結構 `attraction_image`
--

DROP TABLE IF EXISTS `attraction_image`;
CREATE TABLE `attraction_image` (
  `img_id` int(10) UNSIGNED NOT NULL,
  `fk_attraction_id` int(10) UNSIGNED DEFAULT NULL,
  `img_name` varchar(100) DEFAULT NULL
) ENGINE=InnoDB DEFAULT CHARSET=utf8mb4 COLLATE=utf8mb4_unicode_ci;

--
-- 傾印資料表的資料 `attraction_image`
--

INSERT INTO `attraction_image` (`img_id`, `fk_attraction_id`, `img_name`) VALUES
(1, 600001, '星空隧道01.jfif'),
(2, 600001, '星空隧道02.jfif'),
(3, 600001, '星空隧道03.jpg'),
(4, 600001, '星空隧道04.jpg'),
(5, 600003, '駁二01.jfif'),
(6, 600003, '駁二02.jfif'),
(7, 600003, '駁二03.jfif'),
(8, 600003, '駁二04.jfif'),
(9, 600004, '大港橋01.jpg'),
(10, 600004, '大港橋02.jpg'),
(11, 600004, '大港橋03.jpg'),
(12, 600004, '大港橋04.jpg'),
(13, 600004, '大港橋05.jpg'),
(14, 600005, '旗津海水浴場01.jfif'),
(15, 600005, '旗津海水浴場01.jpg'),
(16, 600005, '旗津海水浴場02.jpg'),
(17, 600005, '旗津海水浴場03.jpg'),
(18, 600002, '六合夜市01.jfif'),
(19, 600002, '六合夜市02.jfif'),
(20, 600002, '六合夜市03.jpg'),
(21, 600006, '壽山動物園01.jpg'),
(22, 600006, '壽山動物園02.jpg'),
(23, 600006, '壽山動物園03.jpg'),
(24, 600006, '壽山動物園04.jpg'),
(40, 600019, '愛河之心01.jpg'),
(41, 600019, '愛河之心02.jpg'),
(42, 600019, '愛河之心03.jpg'),
(43, 600020, '蓮池潭01.jpg'),
(44, 600020, '蓮池潭02.jpg'),
(45, 600020, '蓮池潭03.jpg'),
(46, 600020, '蓮池潭04.jpg'),
(47, 600020, '蓮池潭05.jpg'),
(48, 600020, '蓮池潭06.jpg'),
(49, 600019, '愛河之心04.jpg'),
(50, 600019, '愛河之心05.jpg'),
(51, 600019, '愛河之心06.jpg'),
(52, 600008, '月世界01.jpg'),
(53, 600008, '月世界02.jpg'),
(54, 600008, '月世界03.jpg'),
(55, 600008, '月世界04.jpg'),
(56, 600008, '月世界05.jpg'),
(57, 600009, '岡山之眼01.jpg'),
(58, 600009, '岡山之眼02.jpg'),
(59, 600009, '岡山之眼03.jpg'),
(60, 600009, '岡山之眼04.jpg'),
(61, 600010, '澄清湖01.jpg'),
(62, 600010, '澄清湖02.jpg'),
(63, 600010, '澄清湖03.jpg'),
(64, 600010, '澄清湖04.jpg'),
(65, 600010, '澄清湖05.jpg'),
(66, 600010, '澄清湖06.jpg'),
(67, 600011, '蚵仔寮港觀光魚市01.jpg'),
(68, 600011, '蚵仔寮港觀光魚市02.jpg'),
(69, 600011, '蚵仔寮港觀光魚市03.jpg'),
(70, 600011, '蚵仔寮港觀光魚市04.jpg'),
(71, 600011, '蚵仔寮港觀光魚市05.jpg'),
(72, 600011, '蚵仔寮港觀光魚市06.jpg'),
(73, 60011, '情人碼頭01.jpg'),
(74, 60011, '情人碼頭02.jpg'),
(75, 60011, '情人碼頭03.jpg'),
(76, 60011, '情人碼頭04.jpg'),
(77, 60011, '情人碼頭05.jpg'),
(78, 60011, '情人碼頭06.jpg'),
(79, 60012, '西子灣01.jpg'),
(80, 60012, '西子灣02.jpg'),
(81, 60012, '西子灣03.jpg'),
(82, 60012, '西子灣04.jpg'),
(83, 60012, '西子灣05.jpg'),
(84, 60012, '西子灣06.jpg'),
(85, 600007, '高雄市立美術館01.jpg'),
(86, 600007, '高雄市立美術館02.jpg'),
(87, 600007, '高雄市立美術館03.jpg'),
(88, 600007, '高雄市立美術館04.jpg'),
(89, 600013, '彩虹教堂01.jpg'),
(90, 600013, '彩虹教堂02.jpg'),
(91, 600013, '彩虹教堂03.jpg'),
(92, 600013, '彩虹教堂04.jpg'),
(93, 600012, '義大01.jpg'),
(94, 600012, '義大02.jpg'),
(95, 600012, '義大03.jpg'),
(96, 600012, '義大04.jpg'),
(97, 600012, '義大05.jpg'),
(98, 600012, '義大06.jpg'),
(99, 600014, '哈瑪星01.jpg'),
(100, 600014, '哈瑪星02.jpg'),
(101, 600014, '哈瑪星03.jpg'),
(102, 600014, '哈瑪星04.jpg'),
(103, 600014, '哈瑪星05.jpg'),
(104, 600016, '旗山老街01.jpg'),
(105, 600016, '旗山老街02.jpg'),
(106, 600016, '旗山老街03.jpg'),
(107, 600016, '旗山老街04.jpg'),
(108, 600015, '旗津貝殼館01.jpg\r\n'),
(109, 600015, '旗津貝殼館02.jpg'),
(110, 600015, '旗津貝殼館03.jpg'),
(111, 600015, '旗津貝殼館04.jpg'),
(112, 600017, '航空教育展示館01.jpg'),
(113, 600017, '航空教育展示館02.jpg'),
(114, 600017, '航空教育展示館03.jpg'),
(115, 600017, '航空教育展示館04.jpg'),
(116, 600018, '逍遙園01.jpg'),
(117, 600018, '逍遙園02.jpg'),
(118, 600018, '逍遙園03.jpg'),
(119, 600018, '逍遙園04.jpg'),
(120, 600021, '光之穹頂01.jpg'),
(121, 600021, '光之穹頂02.jpg'),
(122, 600021, '光之穹頂03.jpg'),
(123, 600021, '光之穹頂04.jpg'),
(124, 600021, '光之穹頂05.jpg'),
(125, 600022, '新崛江01.jpg'),
(126, 600022, '新崛江02.jpg'),
(127, 600022, '新崛江03.jpg'),
(128, 600022, '新崛江04.jpg'),
(129, 600023, '愛河01.jpg'),
(130, 600023, '愛河02.jpg'),
(131, 600023, '愛河03.jpg'),
(132, 600023, '愛河04.jpg'),
(133, 600023, '愛河05.jpg'),
(134, 600023, '愛河06.jpg'),
(135, 600024, '城市光廊01.jpg'),
(136, 600024, '城市光廊02.jpg'),
(137, 600024, '城市光廊03.jpg'),
(138, 600024, '城市光廊04.jpg'),
(139, 600025, '高雄文學館01.jpg'),
(140, 600025, '高雄文學館02.jpg'),
(141, 600025, '高雄文學館03.jpg'),
(142, 600025, '高雄文學館04.jpg'),
(143, 600025, '高雄文學館05.jpg'),
(144, 600025, '高雄文學館06.jpg'),
(145, 600026, '武廟01.jpg'),
(146, 600026, '武廟02.jpg'),
(147, 600026, '武廟03.jpg'),
(148, 600026, '武廟04.jpg'),
(149, 600027, '衛武迷迷村01.jpg'),
(150, 600027, '衛武迷迷村02.jpg'),
(151, 600027, '衛武迷迷村03.jpg'),
(152, 600027, '衛武迷迷村04.jpg'),
(153, 600027, '衛武迷迷村05.jpg'),
(154, 600027, '衛武迷迷村06.jpg'),
(155, 600029, '高雄市立歷史博物館01.jpg'),
(156, 600029, '高雄市立歷史博物館02.jpg'),
(157, 600029, '高雄市立歷史博物館03.jpg'),
(158, 600029, '高雄市立歷史博物館04.jpg'),
(159, 600029, '高雄市立歷史博物館05.jpg'),
(160, 600028, '高雄流行音樂中心01.jpg'),
(161, 600028, '高雄流行音樂中心02.jpg'),
(162, 600028, '高雄流行音樂中心03.jpg'),
(163, 600028, '高雄流行音樂中心04.jpg'),
(164, 600028, '高雄流行音樂中心05.jpg'),
(165, 600028, '高雄流行音樂中心06.jpg'),
(166, 600030, '高雄市立電影館01.jpg'),
(167, 600030, '高雄市立電影館02.jpg'),
(168, 600030, '高雄市立電影館03.jpg'),
(169, 600030, '高雄市立電影館04.jpg'),
(170, 600031, '瑞豐夜市01.jpg'),
(171, 600031, '瑞豐夜市02.jpg'),
(172, 600031, '瑞豐夜市03.jpg'),
(173, 600031, '瑞豐夜市04.jpg'),
(174, 600031, '瑞豐夜市05.jpg'),
(175, 600031, '瑞豐夜市06.jpg'),
(176, 600032, '棧貳庫01.jpg'),
(177, 600032, '棧貳庫02.jpg'),
(178, 600032, '棧貳庫03.jpg'),
(179, 600032, '棧貳庫04.jpg'),
(180, 600032, '棧貳庫05.jpg'),
(181, 600032, '棧貳庫06.jpg'),
(182, 600033, 'HOLOPark01.jpg'),
(183, 600033, 'HOLOPark02.jpg'),
(184, 600033, 'HOLOPark03.jpg'),
(185, 600033, 'HOLOPark04.jpg'),
(186, 600033, 'HOLOPark05.jpg'),
(187, 600033, 'HOLOPark06.jpg'),
(188, 600034, '珍芳烏魚子見學工廠01.jpg'),
(189, 600034, '珍芳烏魚子見學工廠02.jpg'),
(190, 600034, '珍芳烏魚子見學工廠03.jpg'),
(191, 600034, '珍芳烏魚子見學工廠04.jpg'),
(192, 600035, 'SKMPark高雄草衙01.jpg'),
(193, 600035, 'SKMPark高雄草衙02.jpg'),
(194, 600035, 'SKMPark高雄草衙03.jpg'),
(195, 600035, 'SKMPark高雄草衙04.jpg'),
(196, 600036, 'MLD台鋁01.jpg'),
(197, 600036, 'MLD台鋁02.jpg'),
(198, 600036, 'MLD台鋁03.jpg'),
(199, 600036, 'MLD台鋁04.jpg'),
(200, 600036, 'MLD台鋁05.jpg'),
(201, 600037, '國立科學工藝博物館01.jpg'),
(202, 600037, '國立科學工藝博物館02.jpg'),
(203, 600037, '國立科學工藝博物館03.jpg'),
(204, 600037, '國立科學工藝博物館04.jpg'),
(205, 600038, '金獅湖風景區01.jpg'),
(206, 600038, '金獅湖風景區02.jpg'),
(207, 600038, '金獅湖風景區03.jpg'),
(208, 600038, '金獅湖風景區04.jpg'),
(209, 600038, '金獅湖風景區05.jpg'),
(210, 600038, '金獅湖風景區06.jpg'),
(211, 600041, '高雄市天文教育館01.jpg'),
(212, 600041, '高雄市天文教育館02.jpg'),
(213, 600041, '高雄市天文教育館03.jpg'),
(214, 600041, '高雄市天文教育館04.jpg'),
(215, 600041, '紅毛港文化園區01.jpg'),
(216, 600039, '紅毛港文化園區02.jpg'),
(217, 600039, '紅毛港文化園區03.jpg'),
(218, 600039, '紅毛港文化園區04.jpg'),
(219, 600039, '紅毛港文化園區05.jpg'),
(220, 600039, '紅毛港文化園區06.jpg'),
(221, 600042, '九番埤濕地公園01.jpg'),
(222, 600042, '九番埤濕地公園02.jpg'),
(223, 600042, '九番埤濕地公園03.jpg'),
(224, 600042, '九番埤濕地公園04.jpg'),
(225, 600043, '觀音山風景區01.jpg'),
(226, 600043, '觀音山風景區02.jpg'),
(227, 600043, '觀音山風景區03.jpg'),
(228, 600043, '觀音山風景區04.jpg'),
(229, 600043, '觀音山風景區05.jpg'),
(230, 600043, '觀音山風景區06.jpg'),
(231, 600044, '藤枝國家森林遊樂區01.jpg'),
(232, 600044, '藤枝國家森林遊樂區02.jpg'),
(233, 600044, '藤枝國家森林遊樂區03.jpg'),
(234, 600044, '藤枝國家森林遊樂區04.jpg'),
(235, 600040, '櫻花公園01.jpg'),
(236, 600040, '櫻花公園02.jpg'),
(237, 600040, '櫻花公園03.jpg'),
(238, 600040, '櫻花公園04.jpg'),
(239, 600045, '茂林谷01.jpg'),
(240, 600045, '茂林谷02.jpg'),
(241, 600045, '茂林谷03.jpg'),
(242, 600045, '茂林谷04.jpg'),
(243, 600046, '民權國小01.jpg'),
(244, 600046, '民權國小02.jpg'),
(245, 600046, '民權國小03.jpg'),
(246, 600046, '民權國小04.jpg'),
(247, 600047, '寶來花賞溫泉公園01.jpg'),
(248, 600047, '寶來花賞溫泉公園02.jpg'),
(249, 600047, '寶來花賞溫泉公園03.jpg'),
(250, 600047, '寶來花賞溫泉公園04.jpg'),
(251, 600048, '美濃民俗村01.jpg'),
(252, 600048, '美濃民俗村02.jpg'),
(253, 600048, '美濃民俗村03.jpg'),
(254, 600048, '美濃民俗村04.jpg'),
(255, 600048, '美濃民俗村05.jpg'),
(256, 600048, '美濃民俗村06.jpg'),
(257, 600049, '美濃湖01.jpg'),
(258, 600049, '美濃湖02.jpg'),
(259, 600049, '美濃湖03.jpg'),
(260, 600049, '美濃湖04.jpg'),
(261, 600049, '美濃湖05.jpg'),
(262, 600050, '甲仙化石館01.jpg'),
(263, 600050, '甲仙化石館02.jpg'),
(264, 600050, '甲仙化石館03.jpg'),
(265, 600050, '甲仙化石館04.jpg'),
(266, 600051, '海洋濕地公園01.jpg'),
(267, 600051, '海洋濕地公園02.jpg'),
(268, 600051, '海洋濕地公園03.jpg'),
(269, 600051, '海洋濕地公園04.jpg'),
(270, 600051, '海洋濕地公園05.jpg'),
(271, 600053, '大愛園區01.jpg'),
(272, 600053, '大愛園區02.jpg'),
(273, 600053, '大愛園區03.jpg'),
(274, 600053, '大愛園區04.jpg'),
(275, 600053, '大愛園區05.jpg'),
(276, 600053, '大愛園區06.jpg'),
(277, 600054, '紫竹寺01.jpg'),
(278, 600054, '紫竹寺02.jpg'),
(279, 600054, '紫竹寺03.jpg'),
(280, 600054, '紫竹寺04.jpg'),
(281, 600054, '紫竹寺05.jpg'),
(282, 600055, '超峰寺01.jpg'),
(283, 600055, '超峰寺02.jpg'),
(284, 600055, '超峰寺03.jpg'),
(285, 600055, '超峰寺04.jpg'),
(286, 600056, '阿公店水庫01.jpg'),
(287, 600056, '阿公店水庫02.jpg'),
(288, 600056, '阿公店水庫03.jpg'),
(289, 600056, '阿公店水庫04.jpg'),
(290, 600056, '阿公店水庫05.jpg'),
(291, 600057, '宏南新村01.jpg'),
(292, 600057, '宏南新村02.jpg'),
(293, 600057, '宏南新村03.jpg'),
(294, 600057, '宏南新村04.jpg'),
(295, 600057, '宏南新村05.jpg'),
(296, 600058, '漯底山自然公園01.jpg'),
(297, 600058, '漯底山自然公園02.jpg'),
(298, 600058, '漯底山自然公園03.jpg'),
(299, 600058, '漯底山自然公園04.jpg'),
(300, 600059, '橋頭糖廠01.jpg'),
(301, 600059, '橋頭糖廠02.jpg'),
(302, 600059, '橋頭糖廠03.jpg'),
(303, 600059, '橋頭糖廠04.jpg'),
(304, 600059, '橋頭糖廠05.jpg');

-- --------------------------------------------------------

--
-- 資料表結構 `attraction_reviews`
--

DROP TABLE IF EXISTS `attraction_reviews`;
CREATE TABLE `attraction_reviews` (
  `review_id` int(11) NOT NULL,
  `fk_member_id` int(11) NOT NULL,
  `fk_attraction_id` int(10) UNSIGNED NOT NULL,
  `rating` enum('1','2','3','4','5') NOT NULL,
  `content` text DEFAULT NULL
) ENGINE=InnoDB DEFAULT CHARSET=utf8mb4 COLLATE=utf8mb4_unicode_ci;

--
-- 傾印資料表的資料 `attraction_reviews`
--

INSERT INTO `attraction_reviews` (`review_id`, `fk_member_id`, `fk_attraction_id`, `rating`, `content`) VALUES
(1, 900001, 600003, '4', '讚'),
(2, 900001, 600006, '3', '熱');

-- --------------------------------------------------------

--
-- 資料表結構 `attraction_tag_name`
--

DROP TABLE IF EXISTS `attraction_tag_name`;
CREATE TABLE `attraction_tag_name` (
  `tag_name_id` int(11) NOT NULL,
  `tag_name` varchar(20) DEFAULT NULL
) ENGINE=InnoDB DEFAULT CHARSET=utf8mb4 COLLATE=utf8mb4_unicode_ci;

--
-- 傾印資料表的資料 `attraction_tag_name`
--

INSERT INTO `attraction_tag_name` (`tag_name_id`, `tag_name`) VALUES
(1, '網美必拍'),
(2, '親子共遊'),
(3, '打卡熱點'),
(4, '宗教巡禮'),
(5, '生態體驗'),
(6, '夏日戲水'),
(7, '遊樂園'),
(8, '浪漫約會'),
(9, '文青必訪'),
(10, '單車漫遊'),
(11, '歷史文化'),
(12, '夜市商圈'),
(13, '藝術文創'),
(14, '展覽'),
(15, '悠閒踏青'),
(16, '建築之美'),
(17, '在地美食');

-- --------------------------------------------------------

--
-- 資料表結構 `a_to_tk`
--

DROP TABLE IF EXISTS `a_to_tk`;
CREATE TABLE `a_to_tk` (
  `fk_attraction_id` int(11) UNSIGNED NOT NULL,
  `fk_tk_id` int(10) UNSIGNED DEFAULT NULL
) ENGINE=InnoDB DEFAULT CHARSET=utf8mb4 COLLATE=utf8mb4_unicode_ci;

--
-- 傾印資料表的資料 `a_to_tk`
--

INSERT INTO `a_to_tk` (`fk_attraction_id`, `fk_tk_id`) VALUES
(600006, 3000000001);

-- --------------------------------------------------------

--
-- 資料表結構 `backend_manage`
--

DROP TABLE IF EXISTS `backend_manage`;
CREATE TABLE `backend_manage` (
  `staff_id` int(11) NOT NULL,
  `staff_name` varchar(45) NOT NULL,
  `pwd` varchar(45) NOT NULL,
  `account_permission` varchar(45) NOT NULL,
  `account_state` varchar(45) NOT NULL
) ENGINE=InnoDB DEFAULT CHARSET=utf8mb4 COLLATE=utf8mb4_unicode_ci;

--
-- 傾印資料表的資料 `backend_manage`
--

INSERT INTO `backend_manage` (`staff_id`, `staff_name`, `pwd`, `account_permission`, `account_state`) VALUES
(901, '阿隆', '0000', '嗨', '嗨'),
(902, '賢', 'password1', 'admin', 'active'),
(903, '稚微', 'password2', 'user', 'active'),
(904, '朝隆', 'password3', 'user', 'active'),
(905, '德中', 'password4', 'user', 'inactive'),
(906, '宣瑩', 'password5', 'admin', 'inactive');

-- --------------------------------------------------------

--
-- 資料表結構 `food_categorize`
--

DROP TABLE IF EXISTS `food_categorize`;
CREATE TABLE `food_categorize` (
  `categorize_id` int(11) NOT NULL,
  `name` varchar(20) DEFAULT NULL
) ENGINE=InnoDB DEFAULT CHARSET=utf8mb4 COLLATE=utf8mb4_unicode_ci;

--
-- 傾印資料表的資料 `food_categorize`
--

INSERT INTO `food_categorize` (`categorize_id`, `name`) VALUES
(2001, '在地小吃'),
(2002, '夜市美食'),
(2003, '米其林餐廳'),
(2005, '鮮鮮海產'),
(2006, '特色美食'),
(2007, '百貨優質商家'),
(2008, '購物商圈趣');

-- --------------------------------------------------------

--
-- 資料表結構 `food_merchants`
--

DROP TABLE IF EXISTS `food_merchants`;
CREATE TABLE `food_merchants` (
  `merchant_id` int(11) NOT NULL,
  `name` varchar(20) DEFAULT NULL,
  `description` varchar(50) DEFAULT NULL,
  `phone` varchar(15) DEFAULT NULL,
  `facilities` varchar(50) DEFAULT NULL,
  `address` varchar(30) DEFAULT NULL,
  `longitude` decimal(13,10) DEFAULT NULL,
  `latitude` decimal(13,10) DEFAULT NULL,
  `zoom` decimal(5,2) DEFAULT NULL
) ENGINE=InnoDB DEFAULT CHARSET=utf8mb4 COLLATE=utf8mb4_unicode_ci;

--
-- 傾印資料表的資料 `food_merchants`
--

INSERT INTO `food_merchants` (`merchant_id`, `name`, `description`, `phone`, `facilities`, `address`, `longitude`, `latitude`, `zoom`) VALUES
(200100002, '屋台小吃', '高雄知名屋台小吃', '07-1234567', '提供座位、外帶服務', '高雄市鹽埕區1號', 120.2877462000, 22.6218753000, 10.00),
(200100003, '王牌豆花', '夜市必嚐美食', '07-9876543', '提供座位、外帶服務', '高雄市前金區2號', 120.2907684000, 22.6305321000, 8.50);

-- --------------------------------------------------------

--
-- 資料表結構 `food_merchant_images`
--

DROP TABLE IF EXISTS `food_merchant_images`;
CREATE TABLE `food_merchant_images` (
  `image_id` int(11) NOT NULL,
  `image` varchar(100) NOT NULL,
  `merchant_id` int(11) NOT NULL
) ENGINE=InnoDB DEFAULT CHARSET=utf8mb4 COLLATE=utf8mb4_unicode_ci;

--
-- 傾印資料表的資料 `food_merchant_images`
--

INSERT INTO `food_merchant_images` (`image_id`, `image`, `merchant_id`) VALUES
(200200003, 'https://reurl.cc/DA4Xoe', 200100002),
(200200004, 'https://reurl.cc/eDLWDb', 200100002),
(200200005, 'https://reurl.cc/3x73kl', 200100003),
(200200006, 'https://reurl.cc/y7YmWM', 200100003);

-- --------------------------------------------------------

--
-- 資料表結構 `food_merchant_products`
--

DROP TABLE IF EXISTS `food_merchant_products`;
CREATE TABLE `food_merchant_products` (
  `product_id` int(11) NOT NULL,
  `name` varchar(20) DEFAULT NULL,
  `description` varchar(50) DEFAULT NULL,
  `specifications` varchar(50) DEFAULT NULL,
  `purchase_notes` varchar(50) DEFAULT NULL,
  `price` int(11) DEFAULT NULL,
  `product_image` varchar(100) DEFAULT NULL,
  `merchant_id` int(11) DEFAULT NULL
) ENGINE=InnoDB DEFAULT CHARSET=utf8mb4 COLLATE=utf8mb4_unicode_ci;

--
-- 傾印資料表的資料 `food_merchant_products`
--

INSERT INTO `food_merchant_products` (`product_id`, `name`, `description`, `specifications`, `purchase_notes`, `price`, `product_image`, `merchant_id`) VALUES
(20001, '經典小籠包', '鹽埕屋台小吃必嚐美食', '規格1', '備註1', 80, 'https://reurl.cc/2Lz8D9', NULL),
(20002, '特色炒麵', '六合夜市必吃美食', '規格2', '備註2', 120, 'https://reurl.cc/657LZ6', NULL);

-- --------------------------------------------------------

--
-- 資料表結構 `food_orderdetails`
--

DROP TABLE IF EXISTS `food_orderdetails`;
CREATE TABLE `food_orderdetails` (
  `fd_orderdetails_id` int(10) NOT NULL,
  `fd_order_id` bigint(13) UNSIGNED NOT NULL,
  `product_id` int(11) NOT NULL,
  `product_quantity` int(10) UNSIGNED NOT NULL,
  `product_price` int(10) UNSIGNED NOT NULL
) ENGINE=InnoDB DEFAULT CHARSET=utf8mb4 COLLATE=utf8mb4_general_ci;

-- --------------------------------------------------------

--
-- 資料表結構 `food_orders`
--

DROP TABLE IF EXISTS `food_orders`;
CREATE TABLE `food_orders` (
  `fd_order_id` bigint(13) UNSIGNED NOT NULL,
  `member_id` int(11) DEFAULT NULL,
  `staff_id` int(11) DEFAULT NULL,
  `order_date` datetime DEFAULT current_timestamp(),
  `payment_id` int(10) DEFAULT NULL,
  `receiver_name` varchar(50) DEFAULT NULL,
  `receiver_phone` varchar(30) DEFAULT NULL,
  `shipping_method` enum('寄送到家','無實體商品','超商取貨') DEFAULT NULL,
  `shipping_city` enum('台北市','新北市','基隆市','新竹市','桃園市','新竹縣','宜蘭縣','台中市','苗栗縣','彰化縣','南投縣','雲林縣','嘉義市','嘉義縣','台南市','高雄市','屏東縣','澎湖縣','花蓮縣','臺東縣','金門縣','連江縣') DEFAULT NULL,
  `shipping_address` varchar(100) DEFAULT NULL,
  `shipping_fee` int(10) UNSIGNED DEFAULT NULL,
  `order_total` int(10) UNSIGNED DEFAULT NULL,
  `grand_total` int(10) UNSIGNED DEFAULT NULL
) ENGINE=InnoDB DEFAULT CHARSET=utf8mb4 COLLATE=utf8mb4_general_ci;

--
-- 傾印資料表的資料 `food_orders`
--

INSERT INTO `food_orders` (`fd_order_id`, `member_id`, `staff_id`, `order_date`, `payment_id`, `receiver_name`, `receiver_phone`, `shipping_method`, `shipping_city`, `shipping_address`, `shipping_fee`, `order_total`, `grand_total`) VALUES
(2023061420001, 900001, 901, '2023-06-14 14:35:22', 1, '吳柳琪', '0956756756', '寄送到家', '屏東縣', '鹽埔鄉中和路4號', 30, 320, 350);

-- --------------------------------------------------------

--
-- 資料表結構 `food_product_favorites`
--

DROP TABLE IF EXISTS `food_product_favorites`;
CREATE TABLE `food_product_favorites` (
  `favorite_id` int(11) NOT NULL,
  `product_id` int(11) DEFAULT NULL,
  `member_id` int(11) DEFAULT NULL
) ENGINE=InnoDB DEFAULT CHARSET=utf8mb4 COLLATE=utf8mb4_unicode_ci;

--
-- 傾印資料表的資料 `food_product_favorites`
--

INSERT INTO `food_product_favorites` (`favorite_id`, `product_id`, `member_id`) VALUES
(1, 20002, 900001),
(2, 20001, 900001);

-- --------------------------------------------------------

--
-- 資料表結構 `food_tag_groups`
--

DROP TABLE IF EXISTS `food_tag_groups`;
CREATE TABLE `food_tag_groups` (
  `group_id` int(11) NOT NULL,
  `categorize_id` int(11) DEFAULT NULL,
  `merchant_id` int(11) DEFAULT NULL,
  `area_id` int(10) UNSIGNED NOT NULL
) ENGINE=InnoDB DEFAULT CHARSET=utf8mb4 COLLATE=utf8mb4_unicode_ci;

--
-- 傾印資料表的資料 `food_tag_groups`
--

INSERT INTO `food_tag_groups` (`group_id`, `categorize_id`, `merchant_id`, `area_id`) VALUES
(200600004, 2002, 200100003, 9),
(200600005, 2001, 200100002, 1);

-- --------------------------------------------------------

--
-- 資料表結構 `hotel_category`
--

DROP TABLE IF EXISTS `hotel_category`;
CREATE TABLE `hotel_category` (
  `category_id` int(10) UNSIGNED NOT NULL,
  `category_name` varchar(30) NOT NULL
) ENGINE=InnoDB DEFAULT CHARSET=utf8mb4 COLLATE=utf8mb4_unicode_ci;

--
-- 傾印資料表的資料 `hotel_category`
--

INSERT INTO `hotel_category` (`category_id`, `category_name`) VALUES
(1, '沒有類別'),
(5001, '親子同樂'),
(5002, '寵物友善'),
(5003, '青年旅宿');

-- --------------------------------------------------------

--
-- 資料表結構 `hotel_facility`
--

DROP TABLE IF EXISTS `hotel_facility`;
CREATE TABLE `hotel_facility` (
  `facility_id` int(10) UNSIGNED NOT NULL,
  `facility_name` varchar(30) NOT NULL
) ENGINE=InnoDB DEFAULT CHARSET=utf8mb4 COLLATE=utf8mb4_unicode_ci;

--
-- 傾印資料表的資料 `hotel_facility`
--

INSERT INTO `hotel_facility` (`facility_id`, `facility_name`) VALUES
(5201, '健身中心'),
(5202, '室內游泳池'),
(5203, '室外游泳池'),
(5204, '禁菸客房'),
(5205, '免費停車'),
(5206, '免費無線網路'),
(5207, '所有客房都有咖啡／沏茶設施'),
(5208, '家庭房'),
(5209, '私人停車場'),
(5210, '無障礙設施'),
(5211, '機場接駁車'),
(5212, '停車場'),
(5213, 'SPA 及養生會館'),
(5214, '酒吧');

-- --------------------------------------------------------

--
-- 資料表結構 `hotel_favorites`
--

DROP TABLE IF EXISTS `hotel_favorites`;
CREATE TABLE `hotel_favorites` (
  `favorites_id` int(10) UNSIGNED NOT NULL,
  `member_id` int(11) NOT NULL,
  `hotel_id` int(10) UNSIGNED NOT NULL,
  `favorites_date` datetime DEFAULT NULL
) ENGINE=InnoDB DEFAULT CHARSET=utf8mb4 COLLATE=utf8mb4_unicode_ci;

--
-- 傾印資料表的資料 `hotel_favorites`
--

INSERT INTO `hotel_favorites` (`favorites_id`, `member_id`, `hotel_id`, `favorites_date`) VALUES
(570001, 900001, 500010011, '2023-06-07 19:42:12'),
(570002, 900001, 500010037, '2023-06-07 11:12:22'),
(570003, 900001, 500010011, '2023-06-07 12:52:33'),
(570004, 900001, 500010047, '2023-06-07 10:32:38'),
(570005, 900001, 500010031, '2023-06-07 17:22:19'),
(570006, 900001, 500010043, '2023-06-07 18:41:21');

-- --------------------------------------------------------

--
-- 資料表結構 `hotel_img`
--

DROP TABLE IF EXISTS `hotel_img`;
CREATE TABLE `hotel_img` (
  `img_id` int(10) UNSIGNED NOT NULL,
  `img_name` varchar(30) NOT NULL,
  `img_src` varchar(30) DEFAULT NULL,
  `room_id` int(10) UNSIGNED DEFAULT NULL,
  `hotel_id` int(10) UNSIGNED DEFAULT NULL
) ENGINE=InnoDB DEFAULT CHARSET=utf8mb4 COLLATE=utf8mb4_unicode_ci;

--
-- 傾印資料表的資料 `hotel_img`
--

INSERT INTO `hotel_img` (`img_id`, `img_name`, `img_src`, `room_id`, `hotel_id`) VALUES
(500030001, '萬豪經典', '經典1.jpg', 500020011, 500010011),
(500030002, '萬豪經典', '經典2.jpg', 500020011, 500010011),
(500030003, '萬豪經典', '經典3.jpg', 500020011, 500010011),
(500030004, '萬豪經典', '經典4.jpg', 500020011, 500010011),
(500030005, '萬豪豪特', '豪特1.jpg', 500020012, 500010011),
(500030006, '萬豪豪特', '豪特2.jpg', 500020012, 500010011),
(500030007, '萬豪豪特', '豪特3.jpg', 500020012, 500010011),
(500030008, '萬豪豪特行', '豪特行1.jpg', 500020013, 500010011),
(500030009, '萬豪豪特行', '豪特行2.jpg', 500020013, 500010011),
(500030010, '萬豪豪特行', '豪特行3.jpg', 500020013, 500010011),
(500030011, '萬豪豪特行', '豪特行4.jpg', 500020013, 500010011),
(500030012, '萬豪豪特行', '豪特行5.jpg', 500020013, 500010011),
(500030013, '萬豪尊爵行', '尊爵行1.jpg', 500020014, 500010011),
(500030014, '萬豪尊爵行', '尊爵行2.jpg', 500020014, 500010011),
(500030015, '萬豪尊爵行', '尊爵行3.jpg', 500020014, 500010011),
(500030016, '萬豪尊爵行', '尊爵行4.jpg', 500020014, 500010011),
(500030017, '萬豪尊爵行', '尊爵行5.jpg', 500020014, 500010011),
(500030018, '萬豪單臥', '單臥1.jpg', 500020015, 500010011),
(500030019, '萬豪單臥', '單臥2.jpg', 500020015, 500010011),
(500030020, '萬豪單臥', '單臥3.jpg', 500020015, 500010011),
(500030021, '萬豪單臥', '單臥4.jpg', 500020015, 500010011),
(500030022, '萬豪單臥', '單臥5.jpg', 500020015, 500010011),
(500030023, '萬豪單臥', '單臥6.jpg', 500020015, 500010011),
(500030024, '萬豪家庭', '家庭1.jpg', 500020016, 500010011),
(500030025, '萬豪家庭', '家庭2.jpg', 500020016, 500010011),
(500030026, '萬豪家庭', '家庭3.jpg', 500020016, 500010011),
(500030027, '萬豪連通', '連通1.jpg', 500020017, 500010011),
(500030028, '萬豪連通', '連通2.jpg', 500020017, 500010011),
(500030029, '萬豪連通', '連通3.jpg', 500020017, 500010011),
(500030030, '萬豪連通', '連通4.jpg', 500020017, 500010011),
(500030031, '萬豪連通', '連通5.jpg', 500020017, 500010011),
(500030032, '萬豪連通', '連通6.jpg', 500020017, 500010011),
(500030033, '福容市高', '市高1.jpg', 500020001, 500010037),
(500030034, '福容市高', '市高2.jpg', 500020001, 500010037),
(500030035, '福容市高', '市高3.jpg', 500020001, 500010037),
(500030036, '福容市高', '市高4.jpg', 500020001, 500010037),
(500030037, '福容市高', '市高5.jpg', 500020001, 500010037),
(500030038, '福容市豪', '市豪1.jpg', 500020002, 500010037),
(500030039, '福容市豪', '市豪2.jpg', 500020002, 500010037),
(500030040, '福容市豪', '市豪3.jpg', 500020002, 500010037),
(500030041, '福容市豪', '市豪4.jpg', 500020002, 500010037),
(500030042, '福容市豪', '市豪5.jpg', 500020002, 500010037),
(500030043, '福容海港', '海港1.jpg', 500020003, 500010037),
(500030044, '福容海港', '海港2.jpg', 500020003, 500010037),
(500030045, '福容海港', '海港3.jpg', 500020003, 500010037),
(500030046, '福容海港', '海港4.jpg', 500020003, 500010037),
(500030047, '福容海港', '海港5.jpg', 500020003, 500010037),
(500030048, '福容豪家', '豪家1.jpg', 500020004, 500010037),
(500030049, '福容豪家', '豪家2.jpg', 500020004, 500010037),
(500030050, '福容豪家', '豪家3.jpg', 500020004, 500010037),
(500030051, '福容豪家', '豪家4.jpg', 500020004, 500010037),
(500030052, '福容豪家', '豪家5.jpg', 500020004, 500010037),
(500030053, '福容豪家', '豪家6.jpg', 500020004, 500010037);

-- --------------------------------------------------------

--
-- 資料表結構 `hotel_intermediary`
--

DROP TABLE IF EXISTS `hotel_intermediary`;
CREATE TABLE `hotel_intermediary` (
  `intermediary_id` int(10) UNSIGNED NOT NULL,
  `facility_id` int(10) UNSIGNED NOT NULL,
  `hotel_id` int(10) UNSIGNED NOT NULL
) ENGINE=InnoDB DEFAULT CHARSET=utf8mb4 COLLATE=utf8mb4_unicode_ci;

--
-- 傾印資料表的資料 `hotel_intermediary`
--

INSERT INTO `hotel_intermediary` (`intermediary_id`, `facility_id`, `hotel_id`) VALUES
(580001, 5201, 500010037),
(580002, 5203, 500010037),
(580003, 5210, 500010037),
(580004, 5204, 500010037),
(580005, 5205, 500010037),
(580006, 5206, 500010037),
(580007, 5208, 500010037),
(580008, 5201, 500010047),
(580009, 5208, 500010047),
(580010, 5206, 500010047),
(580011, 5204, 500010047),
(580012, 5207, 500010047),
(580013, 5211, 500010047),
(580014, 5212, 500010047),
(580015, 5202, 500010011),
(580016, 5204, 500010011),
(580017, 5211, 500010011),
(580018, 5208, 500010011),
(580019, 5213, 500010011),
(580020, 5201, 500010011),
(580021, 5206, 500010011),
(580022, 5207, 500010011),
(580023, 5214, 500010011),
(580024, 5202, 500010043),
(580025, 5204, 500010043),
(580026, 5211, 500010043),
(580027, 5201, 500010043),
(580028, 5206, 500010043),
(580029, 5205, 500010043),
(580030, 5207, 500010043),
(580031, 5214, 500010043),
(580032, 5204, 500010031),
(580033, 5211, 500010031),
(580034, 5208, 500010031),
(580035, 5206, 500010031),
(580036, 5214, 500010031),
(580037, 5205, 500010031);

-- --------------------------------------------------------

--
-- 資料表結構 `hotel_kh`
--

DROP TABLE IF EXISTS `hotel_kh`;
CREATE TABLE `hotel_kh` (
  `hotel_id` int(10) UNSIGNED NOT NULL,
  `hotel_name` varchar(30) NOT NULL,
  `hotel_address` varchar(100) NOT NULL,
  `hotel_tel` varchar(20) DEFAULT NULL,
  `hotel_img` varchar(30) DEFAULT NULL,
  `hotel_price` int(11) DEFAULT NULL,
  `hotel_introduction` text NOT NULL,
  `hotel_lat` decimal(13,10) NOT NULL,
  `hotel_lng` decimal(13,10) NOT NULL,
  `hotel_zoom` decimal(5,2) NOT NULL,
  `hotel_mrt` int(11) UNSIGNED NOT NULL,
  `hotel_area` int(10) UNSIGNED NOT NULL,
  `hotel_category` int(11) UNSIGNED NOT NULL,
  `CoverImage` mediumblob DEFAULT NULL
) ENGINE=InnoDB DEFAULT CHARSET=utf8mb4 COLLATE=utf8mb4_unicode_ci;

--
-- 傾印資料表的資料 `hotel_kh`
--

INSERT INTO `hotel_kh` (`hotel_id`, `hotel_name`, `hotel_address`, `hotel_tel`, `hotel_img`, `hotel_price`, `hotel_introduction`, `hotel_lat`, `hotel_lng`, `hotel_zoom`, `hotel_mrt`, `hotel_area`, `hotel_category`, `CoverImage`) VALUES
(500010001, '宮賞藝術大飯店', '高雄市新興區林森一路237號', '072399888', '宮賞.jpg', 5355, '宮賞藝術大飯店座落於高雄林森一路與七賢路交叉精華地段，是一優質的六♥級藝術設計飯店，延伸「南高雄人文藝術文化」之概念並添加許多設計元素，期許各位旅客至本飯店都能體驗南高雄人的熱情及藝術文化。藝術、設計－無邊界之分，南部文化卻有種讓人說不出的懷念及復古之意境；近年來，南高雄的文化發展迅速，交通便捷，衍然已吸引許多外籍觀光客停留腳步、瞭解南台灣的人文特色及藝術發展，更讓多年出外打拼後回鄉的在地人，有著對家鄉不同的新詮釋。 宮賞藝術大飯店想帶給旅人的感受，就像您選擇此行一樣，有著對家鄉的思念、有著特殊的藝術文化、以南台灣的特色為基礎，向國際腳步展露觸角，與全球接軌，這就是蛻變後的寶島，我們的南台灣－高雄，也正是宮賞藝術大飯店最深層的經營理念。', 22.6341439000, 120.3021807000, 17.00, 5105, 3, 5001, NULL),
(500010002, '捷絲旅高雄站前館', '高雄市新興區中山一路280號', '079733588', '捷絲旅.jpg', 3870, '', 22.6354560000, 120.3012609000, 18.00, 5105, 3, 5001, NULL),
(500010003, '康橋大飯店 - 火車站前館', '高雄市三民區建國二路295號', '072386677', '康橋.jpg', 2704, '', 22.6375721000, 120.3004324000, 17.00, 5103, 8, 5001, NULL),
(500010004, 'WO Hotel', '高雄市前金區七賢二路394號', '072826000', 'WO.jpg', 2822, '', 22.6309710000, 120.2861376000, 17.00, 5124, 9, 5001, NULL),
(500010005, '華園大飯店草衙館', '高雄市前鎮區中安路1號', '079560555', '華園草衙.jpg', 3773, '', 22.5849698000, 120.3277201000, 17.00, 5112, 10, 5001, NULL),
(500010006, '秝芯旅店駁二館', '高雄市鹽埕區五福四路67號', '075219666', '秝芯.jpg', 1556, '', 22.6219101000, 120.2839766000, 17.00, 5123, 1, 5001, NULL),
(500010007, '巨蛋旅店', '高雄市鼓山區文忠路1號', '075868388', '巨蛋旅店.jpg', 3750, '', 22.6650537000, 120.2997141000, 17.00, 5102, 2, 5001, NULL),
(500010008, '義大皇家酒店', '高雄市大樹區學城路一段153號', '076568111', '義大皇家.jpg', 4620, '', 22.7298023000, 120.3988532000, 17.00, 1, 15, 5001, NULL),
(500010009, '義大天悅飯店', '高雄市大樹區義大八街100號', '076568000', '義大天悅.jpg', 3069, '', 22.7309051000, 120.3985433000, 17.00, 1, 15, 5001, NULL),
(500010010, '鈞怡大飯店', '高雄市前金區河東路10號', '072821888', '鈞怡.jpg', 4390, '', 22.6219980000, 120.2885491000, 17.00, 1, 9, 5001, NULL),
(500010011, '高雄萬豪酒店', '高雄市鼓山區龍德新路222號', '075599111', '萬豪.jpg', 7277, '高雄萬豪酒店為全台最大萬豪酒店，座落於於愛河地區，鄰近凹仔底森林公園。酒店距高雄國際機場僅25分鐘車程，距高鐵站15分鐘，距捷運凹仔底站步行5分鐘，交通便利性極佳。酒店會議及宴會空間分佈於 8 樓、10 樓及 11 樓，總面積達2,518 坪，稱霸南台灣；面積最大的萬享大宴會廳空間挑高、氣派華麗，面積約 847 坪可容納約 2,000 人；首創兩座戶外禮堂，滿足不同場合及宴會型態。從13到33樓共700間客房，12種不同房型，設計經典兼具現代風格〪12 樓健身中心設有室內溫水游泳池、水療池以及維琪浴，幫助紓壓煥發身心。酒店提供多樣精緻美食，包括歐陸餐廳、頂級中、西、日式佳餚美饌，為賓客締造賓至如歸奢華體驗。', 22.6545596000, 120.3036712000, 17.00, 5108, 2, 5002, NULL),
(500010012, '237重機主題旅店', '高雄市鹽埕區七賢三路229號', '075218237', '237重機.jpg', 1550, '', 22.6298015000, 120.2812699000, 17.00, 1, 1, 5002, NULL),
(500010013, '八五亞太旅店', '高雄市苓雅區中華四路31號號 17 樓', '0930056780', '八五亞太.jpg', 931, '', 22.6142430000, 120.2972115000, 16.00, 5104, 5, 5002, NULL),
(500010014, '康瀚行旅', '高雄市前金區七賢二路195號', '072112151', '康瀚行旅.jpg', 1520, '', 22.6325835000, 120.2918564000, 17.00, 5124, 9, 5002, NULL),
(500010015, '悠活農16', '高雄市鼓山區美術東五路46號', '0902311616', '悠活農16.jpg', 1035, '', 22.6591921000, 120.2932338000, 17.00, 5108, 2, 5002, NULL),
(500010016, '艾旅汽車旅館', '高雄市鳳山區鳳東路165號', '077013030', '艾旅.jpg', 1700, '', 22.6287934000, 120.3586152000, 15.00, 1, 12, 5002, NULL),
(500010017, '高雄晨宿', '高雄市前鎮區新光路21號Area 高雄', '0979777116', '高雄晨宿.jpg', 1081, '', 22.6114998000, 120.3016702000, 17.00, 5104, 10, 5002, NULL),
(500010018, '高雄漫步妘端旅店', '高雄市苓雅區中華四路29號', '0973126568', '漫步妘端.jpg', 1701, '', 22.6125712000, 120.2995633000, 17.00, 5104, 5, 5002, NULL),
(500010019, '迎曦醉月', '高雄市鼓山區明倫路115號', '0966558593', '迎曦醉月.jpg', 1667, '', 22.6661219000, 120.2955530000, 17.00, 5102, 2, 5002, NULL),
(500010020, '悅來居旅店', '高雄市三民區建國三路40號', '072883173', '悅來居.jpg', 3040, '', 22.6379785000, 120.2978280000, 17.00, 5103, 8, 5002, NULL),
(500010021, '鴨家青年旅館', '高雄市新興區六合一路158號5樓', '0963806800', '鴨家青年.jpg', 1009, '', 22.6330741000, 120.3008432000, 17.00, 5105, 3, 5003, NULL),
(500010022, '秧秧微旅', '高雄市新興區中山一路14號12F', '072315020', '秧秧.jpg', 1450, '', 22.6261808000, 120.2990722000, 17.00, 5107, 3, 5003, NULL),
(500010023, '國泰旅社_背包客的窩', '高雄市左營區左營大路401巷33弄10號', '075822592', '國泰旅社.jpg', 1240, '', 22.6885399000, 120.2901821000, 17.00, 1, 6, 5003, NULL),
(500010024, '吃吃睡設計宅', '高雄市鼓山區華榮路49號', '0900343579', '吃吃睡.jpg', 1974, '', 22.6624483000, 120.2943211000, 17.00, 5108, 2, 5003, NULL),
(500010025, '棚棚屋民宿Inn', '高雄市苓雅區苓中路28號', '0985129568', '棚棚屋.jpg', 1200, '', 22.6141804000, 120.2925361000, 17.00, 1, 5, 5003, NULL),
(500010026, '旅悅青年旅館', '高雄市前鎮區三多三路211號3樓', '0975928000', '旅悅青年.jpg', 1278, '', 22.6146072000, 120.3062781000, 17.00, 1, 10, 5003, NULL),
(500010027, '七桃公寓', '高雄市新興區中正三路128號', '072360677', '七桃.jpg', 1013, '', 22.6313904000, 120.3025943000, 17.00, 5105, 3, 5003, NULL),
(500010028, '單人房住宿空間- 高雄站前館', '高雄市新興區八德一路392號', '072363256', '單人房.jpg', 2766, '', 22.6360921000, 120.3000440000, 17.00, 5103, 3, 5003, NULL),
(500010029, '飛行家青年旅館', '高雄市苓雅區仁義街2-4號櫃台及大廳號 b1', '0906776511', '飛行家.jpg', 712, '', 22.6142840000, 120.3009660000, 17.00, 5104, 5, 5003, NULL),
(500010030, '承億文旅小承輕旅', '高雄市新興區中山一路145號', '072881212', '承億文旅.jpg', 896, '', 22.6323390000, 120.2992121000, 17.00, 5105, 3, 5003, NULL),
(500010031, '旗津道沙灘酒店', '高雄市旗津區旗津三路1050號3樓', '075721818', '旗津道.jpg', 2349, '', 22.6103690000, 120.2646185000, 17.00, 1, 4, 1, NULL),
(500010032, '西子灣沙灘會館', '高雄市鼓山區蓮海路51號', '075250005', '西子灣.jpg', 4080, '', 22.6248657000, 120.2602705000, 17.00, 1, 2, 1, NULL),
(500010033, '天子閣飯店', '高雄市鹽埕區七賢三路128號', '075328899', '天子閣.jpg', 2502, '', 22.6263420000, 120.2786531000, 17.00, 5123, 1, 1, NULL),
(500010034, '塩 • 泊思行旅', '高雄市鹽埕區七賢三路58號', '075517066', '柏思.jpg', 4031, '', 22.6231571000, 120.2762501000, 17.00, 5123, 1, 1, NULL),
(500010035, '高雄文賓大飯店-駁二館', '高雄市鹽埕區大勇路22號', '0986563266', '文賓.jpg', 1880, '', 22.6211316000, 120.2781004000, 17.00, 5123, 1, 1, NULL),
(500010036, '翰品酒店', '高雄市鹽埕區大仁路43號', '075217388', '翰品.jpg', 6184, '', 22.6238024000, 120.2801583000, 17.00, 5123, 1, 1, NULL),
(500010037, '福容大飯店', '高雄市鹽埕區五福四路45號', '075511188', '福容.jpg', 3564, '', 22.6228370000, 120.2832909000, 16.71, 5123, 1, 1, NULL),
(500010038, '城市商旅', '高雄市鹽埕區公園二路83號', '075322777', '城市商旅 .jpg', 1728, '', 22.6215958000, 120.2823196000, 17.17, 5123, 1, 1, NULL),
(500010039, '高雄愛河智選假日酒店', '高雄市鹽埕區大智路129號', '075323333', '愛河智選.jpg', 3115, '', 22.6232737000, 120.2833272000, 17.46, 5123, 1, 1, NULL),
(500010040, '帕可麗酒店', '高雄市鼓山區文信路192號', '079628800', '帕可麗.jpg', 3980, '', 22.6646451000, 120.2932210000, 16.00, 5102, 2, 1, NULL),
(500010041, '水京棧國際酒店', '高雄市鼓山區明華路366號', '075537001', '水京棧.jpg', 5544, '', 22.6630493000, 120.3007087000, 17.00, 5102, 2, 1, NULL),
(500010042, 'Hotel dùa', '高雄市新興區林森一路165號', '072722999', 'Hotel dùa.jpg', 3404, '', 22.6306778000, 120.2684011000, 14.00, 5105, 3, 1, NULL),
(500010043, '高雄洲際酒店', '高雄市前鎮區新光路33號', '073391888', '洲際.jpg', 5627, '', 22.6113474000, 120.2854688000, 15.00, 5104, 10, 1, NULL),
(500010044, '承億酒店', '高雄市前鎮區林森四路189號', '073333999', '承億酒店.jpg', 6560, '', 22.6113474000, 120.2854688000, 15.00, 5104, 10, 1, NULL),
(500010045, '和逸飯店', '高雄市前鎮區中山二路260號', '079756699', '和逸.jpg', 4505, '', 22.6113474000, 120.2854688000, 15.00, 5104, 10, 1, NULL),
(500010046, '寒軒國際大飯店', '高雄市苓雅區四維三路33號', '073322000', '寒軒.jpg', 3625, '', 22.6191800000, 120.2928299000, 15.00, 1, 5, 1, NULL),
(500010047, '英迪格酒店', '高雄市新興區中山一路4號No', '072721888', '英迪格.jpg', 4912, '', 22.6252130000, 120.2974825000, 17.00, 5107, 3, 1, NULL),
(500010048, '晶英國際行館', '高雄市前鎮區中山二路199號', '079730189', '晶英.jpg', 6868, '', 22.6104726000, 120.3010136000, 17.00, 5104, 10, 1, NULL),
(500010049, '輕旅店商務旅館', '高雄市苓雅區新光路26號之4號', '0909667678', '輕旅店.jpg', 800, '', 22.6120879000, 120.2989467000, 17.00, 5104, 5, 1, NULL),
(500010050, '高雄富野渡假酒店', '高雄市前鎮區瑞田街99號', '078215299', '富野.jpg', 3480, '', 22.5981933000, 120.2978128000, 14.00, 5114, 10, 1, NULL),
(500010051, '康橋商旅 五甲館', '高雄市鳳山區福德街143巷22號', '078122840', '康橋五甲.jpg', 1600, '', 22.5913139000, 120.3193708000, 16.17, 5113, 12, 1, NULL),
(500010052, '金銀島汽車旅館', '高雄市鳳山區大明路223號', '077638933', '金銀鳳山.jpg', 1480, '', 22.6072298000, 120.3227571000, 15.00, 1, 12, 1, NULL),
(500010053, '薇風精品汽車旅館', '高雄市楠梓區楠盛街137號', '073551177', '薇風精品.jpg', 1800, '', 22.7367098000, 120.3209525000, 15.33, 5120, 7, 1, NULL),
(500010054, '亞泰旅館', '高雄市楠梓區建楠路139號', '073533157', '亞泰.jpg', 1600, '', 22.7268176000, 120.3242791000, 17.00, 5120, 7, 1, NULL),
(500010055, '龍陽商務旅館', '高雄市楠梓區楠都東街116號', '073512786', '龍陽.jpg', 880, '', 22.7247878000, 120.3231850000, 17.00, 5120, 7, 1, NULL),
(500010056, '凱莉都精品旅店', '高雄市楠梓區大學七街236號', '075918988', '凱莉都.jpg', 1680, '', 22.7281697000, 120.2863928000, 17.00, 5132, 7, 1, NULL),
(500010057, '御宿旅館楠梓館', '高雄市楠梓區興西路145號', '073516699', '御宿.jpg', 1700, '', 22.7285216000, 120.3306781000, 17.00, 5132, 7, 1, NULL),
(500010058, '花季度假飯店', '高雄市田寮區崗北路111號', '076362288', '花季.jpg', 5500, '', 22.8750186000, 120.3004360000, 13.00, 1, 36, 1, NULL),
(500010059, '那瑪夏LU-MAH', '高雄市那瑪夏區鞍山巷74號', '0906115059', '那瑪夏.jpg', 3800, '', 23.2459991000, 120.5803871000, 12.00, 1, 35, 1, NULL),
(500010060, '香堤文旅', '高雄市楠梓區興楠路355巷82弄1號', '073535799', '香堤.jpg', 1800, '', 22.7299381000, 120.3267392000, 15.83, 5120, 7, 1, NULL),
(500010061, '高雄溜滑梯親子民宿', '高雄市楠梓區新昌街10巷15弄23號', '0985309531', '溜滑梯.jpg', 3500, '', 22.7090486000, 120.2904412000, 16.00, 5119, 7, 1, NULL),
(500010062, '興達港民宿', '高雄市茄萣區健康路318號', '0921528211', '興達港.jpg', 1850, '', 22.8722113000, 120.1857804000, 16.00, 1, 25, 1, NULL),
(500010063, '茄萣黃金海岸民宿', '高雄市茄萣區民族路178號', '0921528211', '茄萣黃金.jpg', 1750, '', 22.8753058000, 120.1917527000, 18.33, 1, 25, 1, NULL),
(500010064, '印水涵觀景汽車旅館', '高雄市湖內區湖中路165號', '076998800', '印水涵.jpg', 2380, '', 22.8964082000, 120.1440918000, 13.00, 1, 24, 1, NULL),
(500010065, '風起文旅', '高雄市旗山區旗南一路30號', '0981999529', '風起.jpg', 3700, '', 22.8660598000, 120.4291274000, 13.00, 1, 27, 1, NULL),
(500010066, '弘州商務旅館', '高雄市林園區東林西路105巷11號', '076438889', '弘州.jpg', 1748, '', 22.5069611000, 120.3526779000, 13.00, 1, 13, 1, NULL),
(500010067, '花鄉商務汽車旅館', '高雄市大寮區光明路三段397號', '077813752', '花鄉.jpg', 1778, '', 22.5923466000, 120.3665780000, 13.00, 1, 14, 1, NULL),
(500010068, '香堤精品旅館', '高雄市大寮區仁愛路52號', '077026606', '香堤精品.jpg', 1984, '', 22.6188116000, 120.3483818000, 13.00, 1, 14, 1, NULL),
(500010069, '歐閣精品汽車旅館', '高雄市鳳山區頂新一街122號', '077926600', '歐閣精品.jpg', 1800, '', 22.5926496000, 120.3463351000, 14.62, 1, 12, 1, NULL),
(500010070, '金銀島汽車旅館 仁武店', '高雄市仁武區大豐街51號', '073723200', '金銀仁武.jpg', 1500, '', 22.6760728000, 120.3324260000, 16.50, 1, 17, 1, NULL),
(500010071, '媚力泊飯店', '高雄市仁武區仁雄路451號', '073713188', '媚力泊.jpg', 2580, '', 22.6739069000, 120.3284820000, 16.00, 1, 17, 1, NULL),
(500010072, '雅博泊特汽車旅館', '高雄市鳥松區忠誠路105號', '077323300', '雅博泊.jpg', 1800, '', 22.6561302000, 120.3565147000, 16.50, 1, 18, 1, NULL),
(500010073, '澄清湖水漾會館', '高雄市鳥松區大埤路32之2號', '077312608', '澄清湖水漾.jpg', 2240, '', 22.6568413000, 120.3381041000, 15.00, 1, 18, 1, NULL),
(500010074, '高雄圓山大飯店', '高雄市鳥松區圓山路2號', '073705911', '圓山.jpg', 3645, '', 22.6561284000, 120.3361300000, 15.00, 1, 18, 1, NULL),
(500010075, '隱君子的撒野', '高雄市岡山區三和里菜寮路2-26號', '0933346863', '隱君子.jpg', 2800, '', 22.8111462000, 120.3119798000, 14.17, 1, 19, 1, NULL),
(500010076, '香堤時尚旅館', '高雄市橋頭區鐵道北路33號', '076117166', '香堤時尚.jpg', 1802, '', 22.7619677000, 120.2508834000, 13.00, 5127, 20, 1, NULL),
(500010077, '莉莉的家民宿', '高雄市橋頭區橋頭路81號', '0980188875', '莉莉的家.jpg', 1550, '', 22.7639788000, 120.2885806000, 14.17, 5127, 20, 1, NULL),
(500010078, '中正湖民宿', '高雄市美濃區福美路30號', '076812736', '中正湖.jpg', 1508, '', 22.9166039000, 120.5002235000, 13.17, 1, 28, 1, NULL),
(500010079, '望峰息心民宿', '高雄市美濃區雙峰街8之18號', '0936796516', '望峰.jpg', 1760, '', 22.9088846000, 120.5330985000, 15.50, 1, 28, 1, NULL),
(500010080, '美濃雲山居民宿', '高雄市美濃區龍山街56-1號', '0928739959', '雲山.jpg', 2000, '', 22.9063669000, 120.4879989000, 13.17, 1, 28, 1, NULL),
(500010081, '美濃森林星光小屋', '高雄市美濃區廣林里朝元159之7號 159-7', '0967073288', '森林星光.jpg', 1600, '', 22.9420531000, 120.5762158000, 15.50, 1, 28, 1, NULL),
(500010082, '川雅居藝術空間民宿', '高雄市旗山區富興路23巷3號', '0919237086', '川雅居.jpg', 1680, '', 22.9287409000, 120.4668410000, 14.17, 1, 27, 1, NULL),
(500010083, '日景園', '高雄市六龜區光明巷37之1號', '076891317', '日景園.jpg', 1000, '', 22.9849162000, 120.6121573000, 14.33, 1, 29, 1, NULL),
(500010084, '松柏林民宿渡假山莊', '高雄市六龜區土壠路37之8號', '076891010', '松柏林.jpg', 2300, '', 23.0061956000, 120.6463249000, 15.50, 1, 29, 1, NULL),
(500010085, '道時尚悠然渡假山莊', '高雄市六龜區和平路130-5號', '076791003', '道時尚.jpg', 2500, '', 23.0382462000, 120.6535559000, 15.50, 1, 29, 1, NULL),
(500010086, '溫德莊園', '高雄市六龜區', '0967300048', '溫德.jpg', 3360, '', 23.0578922000, 120.6696843000, 16.67, 1, 29, 1, NULL),
(500010087, '草地人溫泉會館', '高雄市六龜區新開路33之1號', '076791992', '草地人.jpg', 2166, '', 23.0579793000, 120.6725500000, 16.67, 1, 29, 1, NULL),
(500010088, '芳晨溫泉渡假村', '高雄市六龜區中正路132號', '076882311', '芳晨.jpg', 2800, '', 23.1096777000, 120.6917106000, 15.50, 1, 29, 1, NULL),
(500010089, '河堤國際商旅', '高雄市小港區宏平路447號', '078038881', '河堤.jpg', 1530, '', 22.5703622000, 120.3535166000, 17.50, 5106, 11, 1, NULL),
(500010090, '打狗戀館', '高雄市小港區港平路167號', '078129988', '打狗.jpg', 2330, '', 22.5648339000, 120.3217265000, 15.00, 5106, 11, 1, NULL),
(500010091, '香堤晶典汽車旅館', '高雄市小港區宏平路579號', '078035566', '香堤晶典.jpg', 2093, '', 22.5699708000, 120.3502813000, 17.00, 5106, 11, 1, NULL),
(500010092, '旅港汽車旅館', '高雄市小港區宏平路93號', '078063880', '旅港.jpg', 1380, '', 22.5704392000, 120.3559757000, 16.00, 5106, 11, 1, NULL),
(500010093, '金建商務飯店', '高雄市小港區飛機路459號', '078021655', '金建.jpg', 1800, '', 22.5701537000, 120.3425613000, 16.00, 5106, 11, 1, NULL),
(500010094, '橙屋商務旅館', '高雄市小港區大業北路300號', '078012266', '橙屋.jpg', 1318, '', 22.5636772000, 120.3469079000, 18.00, 5106, 11, 1, NULL),
(500010095, '皇家金宸大飯店', '高雄市鳳山區國泰路一段288號', '077405999', '皇家金宸.jpg', 2070, '', 22.6162604000, 120.3504394000, 17.00, 5128, 12, 1, NULL),
(500010096, '高雄親子嗨翻旅店', '高雄市鳳山區平等路3號', '0979101888', '親子嗨.jpg', 1988, '', 22.6258085000, 120.3508770000, 18.00, 5136, 12, 5001, NULL),
(500010097, '克來大飯店', '高雄市鳳山區五甲一路130號', '077469692', '克來.jpg', 1200, '', 22.6204496000, 120.3548404000, 18.00, 1, 12, 1, NULL),
(500010098, '麗馨精品商旅鳳山館', '高雄市鳳山區曹公路77號', '077462128', '麗馨精品.jpg', 1480, '', 22.6294131000, 120.3553976000, 18.00, 5136, 12, 1, NULL),
(500010099, '高雄春天藝術大飯店', '高雄市鳳山區五甲一路364號', '077631027', '春天藝術.jpg', 1080, '', 22.6127521000, 120.3500535000, 19.00, 5128, 12, 1, NULL),
(500010100, '慕夏汽車旅館', '高雄市苓雅區身修路2號', '077171668', '慕夏.jpg', 2400, '', 22.6297096000, 120.3266340000, 18.00, 5137, 5, 1, NULL),
(500010101, '捷絲旅高雄中正館', '高雄市苓雅區中正一路134號', '079723568', '捷絲旅中正.jpg', 2655, '', 22.6285062000, 120.3311754000, 19.00, 5133, 5, 1, NULL),
(500010102, '高第商旅', '高雄市苓雅區建民路37號', '077119061', '高第.jpg', 1300, '', 22.6287190000, 120.3306385000, 17.50, 5133, 5, 1, NULL),
(500010103, '歐遊國際連鎖精品旅館', '高雄市苓雅區建國一路73號', '077493333', '歐遊國際.jpg', 1429, '', 22.6296591000, 120.3363113000, 18.50, 5133, 5, 1, NULL),
(500010104, '歌德商旅', '高雄市苓雅區建國一路57號', '077498666', '歌德.jpg', 900, '', 22.6292927000, 120.3375354000, 18.50, 5133, 5, 1, NULL),
(500010105, '御宿Motel 建國館', '高雄市苓雅區建國一路155號', '077261200', '御宿建國.jpg', 1500, '', 22.6327931000, 120.3267803000, 17.50, 5137, 5, 1, NULL),
(500010106, '高雄比歐緻居', '高雄市新興區中山一路14-26號', '072817900', '比歐.jpg', 7646, '', 22.6264773000, 120.3005883000, 18.17, 5107, 3, 1, NULL),
(500010107, 'Uno青年旅舍', '高雄市新興區中山二路548號', '072018686', 'Uno青年.jpg', 1001, '', 22.6230238000, 120.3000031000, 18.17, 5107, 3, 1, NULL),
(500010108, '世奇商旅', '高雄市左營區裕誠路450號', '075572299', '世奇商旅.jpg', 2431, '', 22.6661712000, 120.3042059000, 19.50, 5102, 6, 1, NULL),
(500010109, '德立莊', '高雄市三民區博愛一路338號', '073238777', '德立莊.jpg', 1620, '', 22.6504662000, 120.3029911000, 19.50, 5109, 8, 1, NULL),
(500010110, '旅人小棧', '高雄市左營區孟子路462號', '0974385458', '旅人小棧.jpg', 1150, '', 22.6763148000, 120.3067942000, 21.00, 5117, 2, 1, NULL),
(500010111, '春風時尚汽車旅館', '高雄市左營區重上街117號', '073453758', '春風時尚.jpg', 1300, '', 22.6759550000, 120.3046245000, 18.67, 5117, 2, 1, NULL),
(500010112, '京城大飯店', '高雄市三民區九如二路362號', '073119906', '京城.jpg', 2475, '', 22.6412960000, 120.3016196000, 18.67, 5103, 8, 1, NULL),
(500010113, '西悠巢旅', '高雄市三民區安寧街454號', '073219999', '西悠.jpg', 1563, '', 22.6406793000, 120.3008822000, 18.38, 5103, 8, 1, NULL),
(500010114, '頭等艙飯店', '高雄市三民區建國三路33號', '072853888', '頭等艙.jpg', 1870, '', 22.6380712000, 120.3006696000, 18.96, 5103, 8, 1, NULL),
(500010115, '國星商務旅店', '高雄市三民區同愛街81號', '072853888', '國星.jpg', 1377, '', 22.6375106000, 120.3001285000, 18.96, 5103, 8, 1, NULL),
(500010116, '日光高鐵精品旅館', '高雄市左營區大中二路597號', '073455536', '日光.jpg', 1800, '', 22.6847710000, 120.3052993000, 17.17, 5101, 6, 1, NULL),
(500010117, '棧貳沐居', '高雄市鼓山區蓬萊路17號2F', '075317568', '棧貳.jpg', 1399, '', 22.6200488000, 120.2758482000, 18.17, 5116, 2, 1, NULL),
(500010118, '荷本-Pier2', '高雄市鼓山區鼓山一路43號', '0935606043', '荷本.jpg', 927, '', 22.6230094000, 120.2754966000, 18.17, 5116, 2, 1, NULL),
(500010119, 'In Style House', '高雄市新興區渤海街90號', '0967226278', 'InStyle.jpg', 1180, '', 22.6309981000, 120.3089509000, 17.00, 5125, 3, 1, NULL),
(500010120, '高雄商旅', '高雄市新興區民族二路33號', '072221333', '高雄商旅.jpg', 1720, '', 22.6309981000, 120.3089509000, 17.00, 5125, 3, 1, NULL),
(500010121, '統茂松柏大飯店', '高雄市苓雅區和平一路219號', '072232251', '統茂.jpg', 899, '', 22.6307359000, 120.3172391000, 18.17, 5121, 5, 1, NULL),
(500010122, '麗池汽車旅館', '高雄市左營區重義路11號', '073459677', '麗池.jpg', 1100, '', 22.6876587000, 120.3081133000, 17.33, 5101, 6, 1, NULL),
(500010123, '高巢民宿', '高雄市左營區站前路69號', '0973473245', '高巢.jpg', 1739, '', 22.6888532000, 120.3063506000, 16.00, 5101, 6, 1, NULL);

-- --------------------------------------------------------

--
-- 資料表結構 `hotel_message`
--

DROP TABLE IF EXISTS `hotel_message`;
CREATE TABLE `hotel_message` (
  `message_id` int(10) UNSIGNED NOT NULL,
  `member_id` int(10) NOT NULL,
  `hotel_id` int(10) UNSIGNED NOT NULL,
  `room_id` int(10) UNSIGNED NOT NULL,
  `message_head` varchar(100) DEFAULT NULL,
  `message_content` text DEFAULT NULL,
  `message_evaluate` int(11) DEFAULT NULL,
  `message_time` datetime DEFAULT NULL
) ENGINE=InnoDB DEFAULT CHARSET=utf8mb4 COLLATE=utf8mb4_unicode_ci;

--
-- 傾印資料表的資料 `hotel_message`
--

INSERT INTO `hotel_message` (`message_id`, `member_id`, `hotel_id`, `room_id`, `message_head`, `message_content`, `message_evaluate`, `message_time`) VALUES
(560001, 900001, 500010037, 500020001, '好極了', '房間很大，床很舒服，工作人員熱心，地理位置很棒，去捷運站跟輕軌站都方便。\r\n', 5, '2023-06-04 19:41:09'),
(560002, 900001, 500010037, 500020001, '是一間合格有餘性價比高的旅店\r\n', '有不錯的遊泳池，而三溫暖的熱水池高達41.5 C，有點過熱，但有這個設施亦很不錯。房間很大，床亦舒適。早餐並不是很豪華，但作為一頓早餐，有多種選擇，甚至可當作午餐，有排骨，燒雞，西蘭花等。很喜歡在旅店游完早水後吃早餐的感覺，很休閒，很舒服，吃到10時後。」\r\n', 4, '2023-06-14 19:46:53'),
(560003, 900001, 500010011, 500020001, '傑出', '都很滿意', 5, '2023-06-08 15:46:53'),
(560004, 900001, 500010011, 500020001, '從服務、客房設施到早餐餐點都很棒，對得起這個價位!\r\n', '早餐非常豐富，蛋奶素也可以吃得很滿足，客房很乾淨且隔音效過良好\r\n', 5, '2023-06-07 13:16:51'),
(560005, 900001, 500010011, 500020001, '健身房及舞蹈教室也超棒的，　下次一定要早點起床去水療池玩水\r\n', '落地窗的視野好, 房間浴室也有視野很好的窗戶，超棒!\r\n', 3, '2023-06-05 19:42:12');

-- --------------------------------------------------------

--
-- 資料表結構 `hotel_mrt`
--

DROP TABLE IF EXISTS `hotel_mrt`;
CREATE TABLE `hotel_mrt` (
  `mrt_id` int(11) UNSIGNED NOT NULL,
  `mrt_name` varchar(30) NOT NULL
) ENGINE=InnoDB DEFAULT CHARSET=utf8mb4 COLLATE=utf8mb4_unicode_ci;

--
-- 傾印資料表的資料 `hotel_mrt`
--

INSERT INTO `hotel_mrt` (`mrt_id`, `mrt_name`) VALUES
(1, '沒有捷運站'),
(5101, '左營'),
(5102, '巨蛋'),
(5103, '高雄車站'),
(5104, '三多商圈'),
(5105, '美麗島'),
(5106, '小港'),
(5107, '中央公園'),
(5108, '凹子底'),
(5109, '後驛'),
(5110, '南岡山'),
(5111, '世運'),
(5112, '草衙'),
(5113, '前鎮高中'),
(5114, '凱旋'),
(5115, '楠梓加工區'),
(5116, '西子灣'),
(5117, '生態園區'),
(5118, '獅甲'),
(5119, '油廠國小'),
(5120, '都會公園'),
(5121, '文化中心'),
(5122, '大寮'),
(5123, '鹽埕埔'),
(5124, '市議會'),
(5125, '信義國小'),
(5126, '衛武營'),
(5127, '橋頭火車站'),
(5128, '鳳山西'),
(5129, '青埔'),
(5130, '橋頭糖廠'),
(5131, '大東'),
(5132, '後勁'),
(5133, '技擊館'),
(5134, '鳳山國中'),
(5135, '高雄國際機場'),
(5136, '鳳山'),
(5137, '五塊厝'),
(5138, '沒有');

-- --------------------------------------------------------

--
-- 資料表結構 `hotel_orderdetails`
--

DROP TABLE IF EXISTS `hotel_orderdetails`;
CREATE TABLE `hotel_orderdetails` (
  `ht_order_id` bigint(13) NOT NULL,
  `ht_orderdetails_id` int(11) NOT NULL,
  `hotel_id` int(10) UNSIGNED DEFAULT NULL,
  `room_id` int(10) UNSIGNED DEFAULT NULL,
  `hotel_order_checkin` date DEFAULT NULL,
  `hotel_order_ckeckout` date DEFAULT NULL,
  `hotel_order_price` int(11) DEFAULT NULL,
  `hotel_order_adult` int(11) DEFAULT NULL,
  `hotel_order_child` int(11) DEFAULT NULL,
  `hotel_order_room` int(11) DEFAULT NULL
) ENGINE=InnoDB DEFAULT CHARSET=utf8mb4 COLLATE=utf8mb4_unicode_ci;

--
-- 傾印資料表的資料 `hotel_orderdetails`
--

INSERT INTO `hotel_orderdetails` (`ht_order_id`, `ht_orderdetails_id`, `hotel_id`, `room_id`, `hotel_order_checkin`, `hotel_order_ckeckout`, `hotel_order_price`, `hotel_order_adult`, `hotel_order_child`, `hotel_order_room`) VALUES
(2023061550001, 0, 500010047, 500020006, '2023-02-15', '2023-02-16', 9137, 1, 1, 1),
(2023061650001, 0, 500010011, 500020016, '2023-02-23', '2023-02-24', 11655, 2, 2, 1),
(2023061650002, 0, 500010043, 500020019, '2023-03-10', '2023-03-11', 11597, 2, 0, 1),
(2023061750001, 1, 500010037, 500020001, '2023-01-21', '2023-01-22', 7020, 2, 0, 1),
(2023061750002, 0, 500010031, 500020028, '2023-04-04', '2023-04-05', 4770, 2, 1, 1);

-- --------------------------------------------------------

--
-- 資料表結構 `hotel_orders`
--

DROP TABLE IF EXISTS `hotel_orders`;
CREATE TABLE `hotel_orders` (
  `ht_order_id` bigint(13) NOT NULL,
  `member_id` int(11) NOT NULL,
  `staff_id` int(11) NOT NULL,
  `order_date` datetime NOT NULL DEFAULT current_timestamp(),
  `payment_id` int(10) NOT NULL,
  `receiver_name` varchar(50) DEFAULT NULL,
  `receiver_phone` varchar(30) DEFAULT NULL,
  `shipping_method` enum('寄送到家','無實體商品','超商取貨') DEFAULT '無實體商品',
  `shipping_city` enum('台北市','新北市','基隆市','新竹市','桃園市','新竹縣','宜蘭縣','台中市','苗栗縣','彰化縣','南投縣','雲林縣','嘉義市','嘉義縣','台南市','高雄市','屏東縣','澎湖縣','花蓮縣','臺東縣','金門縣','連江縣') DEFAULT NULL,
  `shipping_address` varchar(100) DEFAULT NULL,
  `shipping_fee` int(10) UNSIGNED DEFAULT 0,
  `order_total` int(10) UNSIGNED DEFAULT NULL,
  `grand_total` int(10) UNSIGNED DEFAULT NULL
) ENGINE=InnoDB DEFAULT CHARSET=utf8mb4 COLLATE=utf8mb4_general_ci;

--
-- 傾印資料表的資料 `hotel_orders`
--

INSERT INTO `hotel_orders` (`ht_order_id`, `member_id`, `staff_id`, `order_date`, `payment_id`, `receiver_name`, `receiver_phone`, `shipping_method`, `shipping_city`, `shipping_address`, `shipping_fee`, `order_total`, `grand_total`) VALUES
(2023061550001, 900001, 901, '2023-06-15 14:45:11', 1, '吳華城', '0986545687', '無實體商品', NULL, NULL, 0, 9137, 9137),
(2023061650001, 900001, 901, '2023-06-16 14:50:03', 2, '蕭晴雅', '0911567850', '無實體商品', NULL, NULL, 0, 11655, 11655),
(2023061650002, 900001, 901, '2023-06-16 14:50:03', 2, '陳依依', '0911787878', '無實體商品', NULL, NULL, 0, 11597, 11597),
(2023061750001, 900001, 901, '2023-06-17 14:50:03', 3, '張武與', '0986123456', '無實體商品', NULL, NULL, 0, 7020, 7020),
(2023061750002, 900001, 901, '2023-06-16 14:50:03', 1, '莊依璇', '0990145678', '無實體商品', NULL, NULL, 0, 4770, 4770);

-- --------------------------------------------------------

--
-- 資料表結構 `hotel_room`
--

DROP TABLE IF EXISTS `hotel_room`;
CREATE TABLE `hotel_room` (
  `room_id` int(10) UNSIGNED NOT NULL,
  `room_name` varchar(50) NOT NULL,
  `room_type` varchar(50) DEFAULT NULL,
  `hotel_id` int(10) UNSIGNED DEFAULT NULL,
  `room_describe` text DEFAULT NULL,
  `room_capacity` int(11) DEFAULT NULL,
  `room_price` int(11) DEFAULT NULL
) ENGINE=InnoDB DEFAULT CHARSET=utf8mb4 COLLATE=utf8mb4_unicode_ci;

--
-- 傾印資料表的資料 `hotel_room`
--

INSERT INTO `hotel_room` (`room_id`, `room_name`, `room_type`, `hotel_id`, `room_describe`, `room_capacity`, `room_price`) VALUES
(500020001, '市景高級雙床房', '2張單人床', 500010037, '含早餐－評價還不錯', 2, 4049),
(500020002, '市景豪華雙床房', '2張雙人床', 500010037, '含早餐－評價還不錯', 4, 5345),
(500020003, '海港景高級雙人房', '1張雙人床', 500010037, '含早餐－評價還不錯', 2, 4859),
(500020004, '豪華家庭套房', '2張雙人床', 500010037, '含早餐－評價還不錯', 4, 8505),
(500020005, '高級特大雙人床房(無窗)', '1張特大雙人床', 500010047, '含早餐－評價非常好', 2, 8634),
(500020006, '市景高級特大雙人床房', '1張加大雙人床', 500010047, '含早餐－評價非常好', 2, 9137),
(500020007, '雙人房(不指定房型)', '1張加大雙人床', 500010047, '含早餐－評價非常好', 2, 9137),
(500020008, '市景高級雙床房', '2張單人床', 500010047, '含早餐－評價非常好', 2, 9137),
(500020009, '公園景豪華特大雙人床房', '1張特大雙人床', 500010047, '含早餐－評價非常好', 2, 12151),
(500020010, '公園景特大雙人床套房', '1張加大雙人床', 500010047, '含早餐－評價非常好', 3, 26288),
(500020011, '經典客房', '2張加大雙人床', 500010011, '含早餐－評價很好', 2, 9135),
(500020012, '豪華特大號床間', '1張特大雙人床', 500010011, '含早餐－評價很好', 2, 9450),
(500020013, '豪華行政特大床號間-可使用行政酒廊', '1張特大雙人床', 500010011, '含早餐－評價很好', 2, 11340),
(500020014, '尊爵套房－附 1 張特大雙人床－可使用行政貴賓廳', '1張特大雙人床', 500010011, '含早餐－評價很好', 2, 14910),
(500020015, '單臥室行政特級特大雙人床套房－可使用行政貴賓廳', '1張特大雙人床', 500010011, '含早餐－評價很好', 2, 15708),
(500020016, '家庭房－附 2 張雙人床', '2張加大雙人床', 500010011, '含早餐－評價很好', 4, 11655),
(500020017, '連通雙臥室家庭套房－可使用行政貴賓廳', '1張特大雙人床 1張加大雙人床', 500010011, '含早餐－評價很好', 4, 18648),
(500020018, '洲際豪華經典特大雙人床客房', '1 張特大雙人床', 500010043, '含早餐－評價非常好', 2, 9437),
(500020019, '洲際豪華雅緻雙床客房', '2 張單人床', 500010043, '含早餐－評價非常好', 2, 9638),
(500020020, '洲際豪華經典特大雙人床港灣海景客房', '1 張特大雙人床', 500010043, '含早餐－評價非常好', 2, 9940),
(500020021, '洲際豪華雅緻雙床客房－高樓層', '2 張單人床', 500010043, '含早餐－評價非常好', 2, 9940),
(500020022, '洲際豪華經典特大雙人床港灣海景客房－高樓層', '1 張特大雙人床', 500010043, '含早餐－評價非常好', 2, 10241),
(500020023, '洲際豪華雅緻家庭客房', '2 張雙人床', 500010043, '含早餐－評價非常好', 3, 11597),
(500020024, '洲際豪華雅緻家庭客房', '2 張雙人床', 500010043, '含早餐－評價非常好', 4, 12752),
(500020025, '標準雙床房', '2 張單人床', 500010031, '含早餐－評價很好', 2, 2349),
(500020026, '海景標準雙人房', '1 張加大雙人床', 500010031, '含早餐－評價很好', 2, 2592),
(500020027, '海景標準雙床房', '2 張單人床', 500010031, '含早餐－評價很好', 2, 2880),
(500020028, '經典四人房', '2 張加大雙人床', 500010031, '含早餐－評價很好', 4, 4770);

-- --------------------------------------------------------

--
-- 資料表結構 `itinerary`
--

DROP TABLE IF EXISTS `itinerary`;
CREATE TABLE `itinerary` (
  `itinerary_id` int(11) NOT NULL,
  `itinerary_name` varchar(100) DEFAULT NULL,
  `fk_member_id` int(11) NOT NULL,
  `duration` int(11) DEFAULT NULL,
  `departure_date` date DEFAULT NULL,
  `return_date` date DEFAULT NULL,
  `count` int(11) DEFAULT NULL
) ENGINE=InnoDB DEFAULT CHARSET=utf8mb4 COLLATE=utf8mb4_unicode_ci;

--
-- 傾印資料表的資料 `itinerary`
--

INSERT INTO `itinerary` (`itinerary_id`, `itinerary_name`, `fk_member_id`, `duration`, `departure_date`, `return_date`, `count`) VALUES
(60000001, '高雄自由行', 900001, 1, '2023-06-17', '2023-06-17', 2);

-- --------------------------------------------------------

--
-- 資料表結構 `itinerary_detail`
--

DROP TABLE IF EXISTS `itinerary_detail`;
CREATE TABLE `itinerary_detail` (
  `itinerary_d_id` int(11) NOT NULL,
  `itinerary_id` int(11) NOT NULL,
  `fk_attraction_id` int(11) UNSIGNED DEFAULT NULL,
  `fk_merchant_id` int(11) DEFAULT NULL,
  `fk_hotel_id` int(10) UNSIGNED DEFAULT NULL,
  `itinerary_day` date NOT NULL,
  `departure_time` time NOT NULL,
  `leave_time` time DEFAULT NULL,
  `comment` text DEFAULT NULL
) ENGINE=InnoDB DEFAULT CHARSET=utf8mb4 COLLATE=utf8mb4_unicode_ci;

--
-- 傾印資料表的資料 `itinerary_detail`
--

INSERT INTO `itinerary_detail` (`itinerary_d_id`, `itinerary_id`, `fk_attraction_id`, `fk_merchant_id`, `fk_hotel_id`, `itinerary_day`, `departure_time`, `leave_time`, `comment`) VALUES
(1, 60000001, 600003, NULL, NULL, '2023-06-17', '10:00:00', '16:00:00', '駁二爬爬走'),
(2, 60000001, 600002, NULL, NULL, '2023-06-17', '17:30:00', '19:00:00', '逛夜市!'),
(3, 60000001, NULL, NULL, 500010001, '2023-06-17', '21:00:00', '00:00:00', '回飯店睡覺');

-- --------------------------------------------------------

--
-- 資料表結構 `member`
--

DROP TABLE IF EXISTS `member`;
CREATE TABLE `member` (
  `member_id` int(11) NOT NULL,
  `first_name` varchar(45) DEFAULT NULL,
  `last_name` varchar(45) DEFAULT NULL,
  `birth_date` date DEFAULT NULL,
  `phone` varchar(20) DEFAULT NULL,
  `country` varchar(45) DEFAULT NULL,
  `city` varchar(45) DEFAULT NULL,
  `password` varchar(16) DEFAULT NULL,
  `email` varchar(50) DEFAULT NULL,
  `avatar` varchar(100) DEFAULT NULL,
  `sex` text NOT NULL
) ENGINE=InnoDB DEFAULT CHARSET=utf8mb4 COLLATE=utf8mb4_unicode_ci;

--
-- 傾印資料表的資料 `member`
--

INSERT INTO `member` (`member_id`, `first_name`, `last_name`, `birth_date`, `phone`, `country`, `city`, `password`, `email`, `avatar`, `sex`) VALUES
(900001, '嘉', '佑佑', '2000-06-16', '(07)-0123456#123', '高雄', '高雄', '0000', 'yoyo@gmail.com', '嘉佑佑.jpg', '0'),
(900002, '張', '三', '1985-03-12', '0912345678', '台北市中山區XX街XX號', '台北市', 'mypassword1', 'zhangsan@example.com', NULL, '0'),
(900003, '李', '四', '1990-07-21', '0923456789', '新北市XX區XX路XX號', '新北市', 'mypassword2', 'lisi@example.com', NULL, '0'),
(900004, '王', '五', '1982-12-05', '0934567890', '台中市XX區XX路XX號', '台中市', 'mypassword3', 'wangwu@example.com', NULL, '0'),
(900005, '陳', '六', '1995-09-17', '0945678901', '高雄市XX區XX路XX號', '高雄市', 'mypassword4', 'chenliu@example.com', NULL, '0'),
(900006, '張', '七', '1998-02-28', '0956789012', '彰化縣XX區XX路XX號', '彰化縣', 'mypassword5', 'zhangqi@example.com', NULL, '0'),
(900007, '林', '八', '1989-06-15', '0967890123', '嘉義市XX區XX路XX號', '嘉義市', 'mypassword6', 'linba@example.com', NULL, '0'),
(900008, '吳', '九', '1993-11-09', '0978901234', '桃園市XX區XX路XX號', '桃園市', 'mypassword7', 'wujiu@example.com', NULL, '0'),
(900009, '蔡', '十', '1987-04-24', '0989012345', '新竹市XX區XX路XX號', '新竹市', 'mypassword8', 'caishi@example.com', NULL, '0'),
(900010, '黃', '十一', '1991-08-07', '0990123456', '宜蘭縣XX區XX路XX號', '宜蘭縣', 'mypassword9', 'huangshiyi@example.com', NULL, '0'),
(900011, '劉', '十二', '1996-01-31', '0912345678', '苗栗縣XX區XX路XX號', '苗栗縣', 'mypassword10', 'liushi@example.com', NULL, '0'),
(900012, '陳', '以賢', '2023-06-01', '0915-151-151', '高雄', '高雄', '0000', 'sss@gmail.com', NULL, '0'),
(900013, 'John', 'Doe', '1990-01-01', NULL, 'Taiwan', NULL, 'password123', 'test@example.com', NULL, 'Male'),
(900014, 'uu', 'uuuu', '2000-01-01', NULL, '', NULL, '0000', '1sss@gmail.com', NULL, '男'),
(900015, 'uu', 'uuuu', '2000-01-01', NULL, '', NULL, '0000', '11sss@gmail.com', NULL, '男'),
(900016, '', '', '2000-01-01', NULL, '', NULL, '0000', '1111sss@gmail.com', NULL, '女'),
(900017, '', '', '2000-01-01', NULL, '', NULL, '0000', '123sss@gmail.com', NULL, '男');

-- --------------------------------------------------------

--
-- 資料表結構 `new_table`
--

DROP TABLE IF EXISTS `new_table`;
CREATE TABLE `new_table` (
  `account_permission_id` int(11) NOT NULL,
  `permission_state` varchar(45) NOT NULL
) ENGINE=InnoDB DEFAULT CHARSET=utf8mb4 COLLATE=utf8mb4_unicode_ci;

-- --------------------------------------------------------

--
-- 資料表結構 `otp`
--

DROP TABLE IF EXISTS `otp`;
CREATE TABLE `otp` (
  `id` int(11) UNSIGNED NOT NULL,
  `user_id` int(11) DEFAULT NULL,
  `email` varchar(200) DEFAULT NULL,
  `token` int(200) DEFAULT NULL,
  `exp_timestamp` bigint(20) DEFAULT NULL
) ENGINE=InnoDB DEFAULT CHARSET=utf8mb4 COLLATE=utf8mb4_general_ci;

-- --------------------------------------------------------

--
-- 資料表結構 `payment`
--

DROP TABLE IF EXISTS `payment`;
CREATE TABLE `payment` (
  `payment_id` int(10) NOT NULL,
  `payment_name` varchar(30) NOT NULL
) ENGINE=InnoDB DEFAULT CHARSET=utf8mb4 COLLATE=utf8mb4_general_ci;

--
-- 傾印資料表的資料 `payment`
--

INSERT INTO `payment` (`payment_id`, `payment_name`) VALUES
(1, '信用卡線上付款'),
(2, 'ATM虛擬帳號'),
(3, '超商代碼');

-- --------------------------------------------------------

--
-- 資料表結構 `ticket`
--

DROP TABLE IF EXISTS `ticket`;
CREATE TABLE `ticket` (
  `tk_id` int(10) UNSIGNED NOT NULL,
  `tk_name` varchar(100) NOT NULL,
  `tk_explain` text DEFAULT NULL,
  `tk_directions` text DEFAULT NULL,
  `tk_purchase_notes` text DEFAULT NULL,
  `tk_description` text DEFAULT NULL,
  `tk_remark` varchar(100) DEFAULT NULL
) ENGINE=InnoDB DEFAULT CHARSET=utf8mb4 COLLATE=utf8mb4_unicode_ci;

--
-- 傾印資料表的資料 `ticket`
--

INSERT INTO `ticket` (`tk_id`, `tk_name`, `tk_explain`, `tk_directions`, `tk_purchase_notes`, `tk_description`, `tk_remark`) VALUES
(3000000001, '【台灣南部最大動物園】高雄壽山動物園門票', '\"－園區介紹－\n\n高雄市壽山動物園是南部最大的公立動物園，提供大高雄地區以及廣大的台灣中南部與東部地區民眾親子休閒、戶外教學、生態科普及觀光遊憩等多重功能與服務。近期逐步改裝呈現嶄新面貌在所有大小朋友面前，展示介面更符合動物的生態習性，大量採用玻璃圍籬，讓遊客的視野不受欄杆阻礙，能一窺動物的真實樣貌，並持續舉辦生態講座、夏令營、兒童劇場以及攝影展、夜遊動物園、票選最佳情侶等活動，園區　熱鬧非凡。 園內分六區，亞洲區、美洲區、非洲區、靈長動物區、臺灣原生動物區及新闢的「兒童牧場」，動線規劃完整，兒童牧場為國內動物園首見之牧場形式展示區，結合放牧式可愛溫馴動物，讓大小朋友們在工作人員的指導之下能親近、觸摸及餵食動物，讓遊客在大高雄都會區裡，就能體驗牧場般的閒適氛圍與情趣。\n\n－園區資訊－\n\n開放時間：\n週二至週日 09:00~17:00 (最後入園時間 16:30)\n星期一及除夕休園，如星期一遇國定假日則照常開園\n參觀票價\n全票：NT$40，年滿 18 ~ 64 歲者\n半票：NT$20，年滿 6 ~ 17 歲並持有證明文件者\n免票：免費票適用條件如下，應當場提示相關 證明文件\n一、未滿六歲之兒童。\n二、年滿六十五歲之老人。\n三、身心障礙者及必要之陪伴者一人。\n四、設籍本市鼓山區登山里、興宗里、光化里、山下里、鼓岩 里、綠川里、寶樹里、峰南里、樹德里、河邊里、壽山里 、惠安里及新民里之居民。\n五、本市低收入戶。\n六、依法設立之社會福利機構。\n七、本府或本府所屬機關主辦之活動。\n八、本市國民小學辦理師生校外教學活動。\n九、本市國民小學之學童。\n\n遊客服務\n借問小站：遊園諮詢\n服務中心：播音暨協尋服務、護理服務、代客叫車。\n                       娃娃車、輪椅租用 娃娃車限乘載 18 公斤以下幼兒、免租金、需備妥證件或押金 NT$1,000\n哺乳室：備有 3 室安全隱密哺乳空間，皆提供插座使用、尿布台、熱水供應服務、提供冰箱存放母乳，洗手台、垃圾桶。\n親水廣場\n動物園親水廣場為戶外戲水空間，全新特色戲水設施，提供親子家庭大小朋友於炎熱天氣能清涼消暑。每週四上午配合定期清洗維護保養，暫停開放。\n\n遊客注意事項\n禁止攜帶寵物(導盲犬除外)、禁止騎腳踏車、滑板車、獨輪車、直排輪\n園區全面禁菸、請勿餵食動物、嚴禁跨越欄杆、嚴禁騷擾動物、拍照請關閃光燈\n\n\n\n－園區服務－\n\n團體導覽解說服務\n歡迎滿 20 人以上團體於來園前兩星期申請，本園安排確認後通知回覆。\n導覽時間：約 1.5~2 小時\n申請方式：電話洽詢，請撥 07-5215187 分機 539 洽詢預約。\n申辦結果：請於來園前3-7天，來電確認有無解說員導覽。\n＊因故未能如期來園之團體，請於原訂參觀日前3-7天與本園聯絡改期或取消。\n \nZOO ZOO BUS遊園車\n可愛的ZOO ZOO BUS將帶領大家走訪壽山動物園。\n營業時間：首班發車時間 09:20，末班發車時間 16:20。\n每周一及除夕休園，若周一適逢國定假日則照常開放；遊園車每趟約 15 分鐘，平日遊客滿車後發車，例假日每 20 分鐘一班車。\n2 歲以下或手抱嬰兒免費，120 公分以下幼童需一位成人陪同搭乘。\n\n兒童牧場餵食體驗\n動物餵食體驗開放時間：\n每週二至週日 10:00、14:00 於現場發放牧草，數量有限發完為止。\n現場領取之牧草僅供餵食兒童牧場內波爾羊之用，並請遵守現場人員引導及公告之相關規定。\n高雄市壽山動物園是南部最大的公立動物園，提供大高雄地區以及廣大的台灣中南部與東部地區民眾親子休閒、戶外教學、生態科普及觀光遊憩等多重功能與服務。近期逐步改裝呈現嶄新面貌在所有大小朋友面前，展示介面更符合動物的生態習性，大量採用玻璃圍籬，讓遊客的視野不受欄杆阻礙，能一窺動物的真實樣貌，並持續舉辦生態講座、夏令營、兒童劇場以及攝影展、夜遊動物園、票選最佳情侶等活動，園區　熱鬧非凡。 園內分六區，亞洲區、美洲區、非洲區、靈長動物區、臺灣原生動物區及新闢的「兒童牧場」，動線規劃完整，兒童牧場為國內動物園首見之牧場形式展示區，結合放牧式可愛溫馴動物，讓大小朋友們在工作人員的指導之下能親近、觸摸及餵食動物，讓遊客在大高雄都會區裡，就能體驗牧場般的閒適氛圍與情趣。\n\n遊客服務\n借問小站：遊園諮詢\n服務中心：播音暨協尋服務、護理服務、代客叫車。\n                       娃娃車、輪椅租用 娃娃車限乘載 18 公斤以下幼兒、免租金、需備妥證件或押金 NT$1,000\n哺乳室：備有 3 室安全隱密哺乳空間，皆提供插座使用、尿布台、熱水供應服務、提供冰箱存放母乳，洗手台、垃圾桶。\n親水廣場\n動物園親水廣場為戶外戲水空間，全新特色戲水設施，提供親子家庭大小朋友於炎熱天氣能清涼消暑。每週四上午配合定期清洗維護保養，暫停開放。\n\n遊客注意事項\n禁止攜帶寵物(導盲犬除外)、禁止騎腳踏車、滑板車、獨輪車、直排輪\n園區全面禁菸、請勿餵食動物、嚴禁跨越欄杆、嚴禁騷擾動物、拍照請關閃光燈\n\n\n\n－園區服務－\n\n團體導覽解說服務\n歡迎滿 20 人以上團體於來園前兩星期申請，本園安排確認後通知回覆。\n導覽時間：約 1.5~2 小時\n申請方式：電話洽詢，請撥 07-5215187 分機 539 洽詢預約。\n申辦結果：請於來園前3-7天，來電確認有無解說員導覽。\n＊因故未能如期來園之團體，請於原訂參觀日前3-7天與本園聯絡改期或取消。\n \nZOO ZOO BUS遊園車\n可愛的ZOO ZOO BUS將帶領大家走訪壽山動物園。\n營業時間：首班發車時間 09:20，末班發車時間 16:20。\n每周一及除夕休園，若周一適逢國定假日則照常開放；遊園車每趟約 15 分鐘，平日遊客滿車後發車，例假日每 20 分鐘一班車。\n2 歲以下或手抱嬰兒免費，120 公分以下幼童需一位成人陪同搭乘。\n\n兒童牧場餵食體驗\n動物餵食體驗開放時間：\n每週二至週日 10:00、14:00 於現場發放牧草，數量有限發完為止。\n現場領取之牧草僅供餵食兒童牧場內波爾羊之用，並請遵守現場人員引導及公告之相關規定。\"', '\"憑證使用方式\n現場請出示 QR code\n出示電子憑證的條碼兌換 (不接受單一條碼圖樣或紙本券樣或手抄或口說序號方式兌換)\n憑證兌換期限\n需要按照預訂日期及當天開放時間內兌換，逾期失效\n使用期限\n需要按照預訂日期及當天開放時間內使用，逾期失效\"', '\"－遊園需知－禁止攜帶各類寵物入園。禁止攜帶兇器或危險物品入園。禁止餵食動物。請勿將塑膠袋、紙杯、飲料罐、食品包裝袋等物品投動物入展示欄舍內， 以免動物誤食， 導致生病或死亡。請勿以棍棒、石頭或鐵器等戲弄或打傷動物，或是用不正當動作、拍打欄杆或展示櫥窗、嘶喊以驚擾動物。園區全面禁止吸煙。請勿騎腳踏車、幼兒三輪車、滑板車及直排輪入園。\"', '\"「溫室咖啡廳」，遊客可以與動物來場浪漫約會，感受新型態的餐飲遊憩體驗 \n「空中線性長廊」貫穿整座園區，讓民眾能夠漫步在大自然中看動物 \n「親水廣場」新設雨淋、水霧裝置，讓大朋友、小朋友能一次玩個過癮\"', '台灣 - 高雄'),
(3000000002, '【高雄】義大世界入園券', '\"高雄-義大遊樂世界\n\n義大遊樂世界全園區分為三大主題區，位於入口處的「大衛城」是以古希臘神殿為造型的設計，裡面擁有一座大型專業劇院「義大皇家劇院」，共1,800個以上座位，戶外有許多大型機械刺激遊樂設施。\n\n\n\n「聖托里尼山城」設計概念為複製愛琴海藍白山城聖托里尼，裡面擁有各式特色商店與異國風情的餐廳，還有一個「5D鬼船」的鬼屋。\n\n\n\n位於右側「特洛伊城堡」呈現特洛伊木馬屠城記場景打造，體驗穿越時空的神話時代。\n\n\n\n「特洛伊城堡」主題館是全台最大的室內遊樂館，主要以親子家庭客層為主，擁有50種以上的遊樂設施每季都會準備各種精彩絕倫的表演活動，例如萬聖節及聖誕節遊行，劇院表演......等。\n\n\n\n2012年7月推出全新設施「3D鬼船」，成為全台灣唯一擁有雙鬼屋的遊樂園，並於2014年7月升級為「5D鬼船」，增設恐怖頭髮林與飄散地獄氣味，驚嚇指數破百。\n\n\n\n2016年1月推出全新設施「LIVE！唐基大嘴巴」+「3D塗鴉魚」，結合即時互動的科技設施，同一遊樂設施有兩種新奇玩法。\"', '現場請出示 QR code', '\"－ 義大遊樂世界購買須知 －\n\n義大遊樂世界全年無休，故每日皆排定設施保養工作，因保養作業而致遊具停駛之處，敬請見諒。\n設施維護保養公告請參考 義大遊樂世界官網。\n90 公分以下兒童或未滿 3 歲兒童免費入園但需家長陪同，為安全起見園區內設施大多數限制身高 90 公分以上兒童方能搭乘；如有心臟病、孕婦、高血壓、酒醉、90 公斤以上或身體不適者，部分遊樂設施依限制規定搭乘。\n設施開放時間：於開園後 1.5 小時內陸續分項開放。設施關閉時間：設施於17:00關閉，部分設施將因營業狀況於閉園前1小時陸續關閉，如因維修保養或其他不可抗力因素必須停止運作，依現場公告為準。為維護遊客安全，本園保有調整設施營運之權利。\n本園嚴禁攜帶危險物品、酒精飲品、腳踏車、滑板車、寵物入園及大型攝影器材，如：Beta-Cam、S-Vhs、35 厘米大型攝影機、4X5 蛇腹大型攝影器材及遙控無人機(空拍機)。\n為顧及您的安全，請遵守各項設施使用規定， 園區全面禁食口香糖及檳榔。\n為了您與其他遊客的健康及響應菸害防治規定，請勿於室內空間吸菸。\n已入園之遊客於出口處由服務人員於手臂上加蓋「再入園章」即可當日再次入園。\n園區內部分設施於搭乘時會有濺濕衣物情形，請自備或於園區購買雨衣或更換衣物。\n為避免影響遊客遊玩的歡樂氣氛，園區內不提供廣播尋人之服務，請事先與您的同伴約定好見面時間、地點。\n園區內設有投幣式小型置物櫃，可供遊客放物品。本園區不負任何保管責任，不便之處敬請見諒。\n本園區提供「寵物寄放」「愛心公物租借」「手機充電」等服務項目，嬰兒推車租借 100元／次，詳情請洽遊客服務中心。\n為維護遊園品質及遊客安全當園區遊客量達滿載標準時將實施流量管制，暫停對外開放（含已持票）。\n義大摩天輪屬購買樂園門票遊客之額外加贈，義大遊樂世界保留終止贈送之權利。如逢摩天輪因故暫停或保養恕不另行補償或退票。 （本設施禁止孕婦及飲用酒精性飲料者搭乘）相關須知以現場公告為準。\n園區獲得穆斯林友善環境認證，園內提供祈禱室、朝拜毯、可蘭經、洗手間等設備，如需使用可向服務人員詢問。\n票券最後換票時間 15:30，請於最後換票時間前兌換入園。\"', '全台最大室內親子主題館 不管颳風下雨都能讓親子暢快遊玩 還有全台最高摩天輪、精彩的日間遊行 讓您玩樂一整天', '台灣 - 高雄'),
(3000000003, '高雄鈴鹿賽道樂園', '\"日本鈴鹿賽車場SUZUKA CIRCUIT唯一海外授權的「鈴鹿賽道樂園」，交通非常便利，從高雄捷運草衙站2號出口出站後，就會看到草衙道購物中心，再往裡面走就到鈴鹿賽道樂園了，匯集了shopping、餐飲、運動、娛樂、親子、休閒、度假…等歡樂元素，讓你從早到晚忘卻煩憂，盡情歡樂~無論是親子同遊或是好友情侶，都能玩上一整天捨不得離開！\n\n全台唯一駕駛主題遊樂園一票玩到底！\"', '\"1.單張適用於鈴鹿賽道樂園，每券限1人使用。\n2.請持本券至園區售票中心人工櫃台兌換暢遊手環，憑手環可享全園遊樂設施不限搭乘次數(不含迷你鈴鹿賽道及小小騎士)。\n3.本券不分平假日皆可適用。若於除夕、農曆春節期間，須依現場規定補足差額使用。\n4.為確保安全，請遵守現場工作人員指示及搭乘須知。\n5.本券不得抵用其他消費或折現，恕無法與其他優惠及專案合併使用，未持券者依樂園現場收費標準辦理。\n6.本券優惠期限即為信託期間，逾期須向原購買票商辦理換票事宜。\n7.如有任何疑問敬請洽詢鈴鹿賽道樂園，服務專線：(07)796-7766。\n8.如票券無法使用需退換,請憑購票證明至原購票地辦理,每張收取10%手續費,匯款手續費$30另計。\n※票面金額不等於售價\"', '\"1. 您在本網站上完成線上訂購程序後，本網站會經由電子郵件或其他方式發送給您一封訂購通知，但是該通知只是通知您本網站已經收到您的訂單資料，不代表交易已經完成，本公司保留是否接受您的訂單的權利。\n\n2. 目前開放信用卡線上刷卡服務、可用ATM轉帳或其他方式完成付款，完成付款不代表交易已經完成，本公司確認交易內容無誤、付款完成並有存貨，本公司會為您辦理出貨。若交易內容有誤、商品無存貨或有本公司無法接受訂單之情形，本公司得主動為您辦理退款。\"', '\"\n日本鈴鹿賽車場SUZUKA CIRCUIT唯一海外授權\n平假日皆可使用，不限搭乘次數\n\"', '高雄捷運草衙站2號出口，緊鄰草衙道購物中心 '),
(3000000004, '高雄｜奧斯丁夢想樂園高雄草衙店門票', '\"奧斯丁夢想樂園 AUSTIN LAND】減少了以往親子樂園中會運用的大量卡通圖案與繁複色彩，使用單純、流線的線條，搭配簡約、乾淨的色調，構築出清新、自然，充滿質感與藝術氣息的城堡！而您與孩子的互動和凝聚，更是成就完美構圖的靈魂，在這裡，您和小寶貝就是主角！同時為了給您和孩子更完善的服務，特別推出「Austin caf’e」，讓孩子在玩樂之餘，也能好好享受美食、補充體力，更是家長們的休憩空間！親愛的爸爸媽媽，不妨邀約也同樣肩負育兒大任的好友，一同舉家前往，讓孩子彼此相聚、玩樂，體驗社交生活，您也可以在這繁忙、急促的世界中，找到片刻的慢活與寧靜。\n孩子的快樂，不應該是家長的負擔！【奧斯丁夢想樂園 AUSTIN LAND】了解家長，也了解孩子，所以，才能打造出一座讓雙方都心滿意足的夢幻樂園！\"', '現場請出示 QR code', '商品（服務）禮券銷售所收取之金額，已存入陽信商業銀行之信託專戶，專款專用。信託期間自禮券銷售日（以票券上記載之銷售日期為準）起算一年', '\"地址：高雄市前鎮區中安路1-1號大道東B1\n\n電話：(07)796-6532\n\n營業時間：週一至週五 11:00~21:00 週六至週日 10:30~21:00\"', '台灣 - 高雄'),
(3000000005, '科學工藝博物館', '待查查甚麼', '待查', '待查', '待查', '台灣 - 高雄'),
(3000000006, '打狗英國領事館', '待查', '待查', '待查', '待查', '台灣 - 高雄'),
(3000000007, '高雄永添藝術?金馬賓館當代美術館', '待查', '待查', '待查', '待查', '台灣 - 高雄'),
(3000000008, 'SKI SCHOOL 飄雪樂園', '待查', '待查', '待查', '待查', '高雄市前鎮區復興四路17號'),
(3000000009, '紅頂穀創穀物文創樂園', '待查', '待查', '待查', '待查', '左營區'),
(3000000010, '建築樂園', '待查查殺虫', '待查', '待查', '待查', '左營區'),
(3000000011, '123', '789', '456', '123', '123', '456'),
(3000000012, '新增在哪', '123', '123', '123', '123', '123');

-- --------------------------------------------------------

--
-- 資料表結構 `ticket_orderdetails`
--

DROP TABLE IF EXISTS `ticket_orderdetails`;
CREATE TABLE `ticket_orderdetails` (
  `tk_order_id` bigint(13) UNSIGNED NOT NULL,
  `tk_orderdetails_id` int(5) NOT NULL,
  `product_id` int(5) UNSIGNED NOT NULL,
  `product_quantity` int(10) UNSIGNED NOT NULL,
  `product_price` int(10) UNSIGNED NOT NULL
) ENGINE=InnoDB DEFAULT CHARSET=utf8mb4 COLLATE=utf8mb4_general_ci;

--
-- 傾印資料表的資料 `ticket_orderdetails`
--

INSERT INTO `ticket_orderdetails` (`tk_order_id`, `tk_orderdetails_id`, `product_id`, `product_quantity`, `product_price`) VALUES
(2023061530001, 1000001, 30009, 4, 569),
(2023061630001, 1000003, 30009, 3, 345),
(2023061630001, 1000004, 30009, 2, 459),
(2023061530001, 1000014, 30002, 3, 20),
(2023061630005, 1000026, 30004, 2, 1050),
(2023061630015, 1000027, 30006, 2, 70),
(2023061530001, 1000032, 30008, 4, 599),
(2023061630020, 1000033, 30007, 2, 340),
(2023061630020, 1000034, 30009, 3, 569),
(2023061630020, 1000035, 30004, 2, 520),
(2023061630022, 1000039, 30008, 2, 599),
(2023061630022, 1000040, 30004, 5, 520),
(2023061630023, 1000041, 30010, 2, 459),
(2023061630023, 1000042, 30007, 5, 340),
(2023061630024, 1000043, 30007, 2, 340),
(2023061530001, 1000044, 30004, 1, 520);

-- --------------------------------------------------------

--
-- 資料表結構 `ticket_orders`
--

DROP TABLE IF EXISTS `ticket_orders`;
CREATE TABLE `ticket_orders` (
  `tk_order_id` bigint(13) UNSIGNED NOT NULL,
  `member_id` int(11) DEFAULT NULL,
  `staff_id` int(11) NOT NULL,
  `order_date` datetime DEFAULT current_timestamp(),
  `payment` enum('信用卡線上付款','ATM虛擬帳號','超商代碼') NOT NULL,
  `receiver_name` varchar(50) NOT NULL,
  `receiver_phone` varchar(30) DEFAULT NULL,
  `shipping_method` enum('寄送到家','無實體商品','超商取貨') DEFAULT NULL,
  `shipping_address` varchar(100) DEFAULT NULL,
  `shipping_fee` int(10) UNSIGNED DEFAULT NULL,
  `order_total` int(10) UNSIGNED DEFAULT NULL,
  `payment_status` enum('尚未付款','已付款','已過付款期限') DEFAULT '尚未付款',
  `order_status` enum('已成立','已寄出','已完成','已取消') DEFAULT '已成立'
) ENGINE=InnoDB DEFAULT CHARSET=utf8mb4 COLLATE=utf8mb4_general_ci;

--
-- 傾印資料表的資料 `ticket_orders`
--

INSERT INTO `ticket_orders` (`tk_order_id`, `member_id`, `staff_id`, `order_date`, `payment`, `receiver_name`, `receiver_phone`, `shipping_method`, `shipping_address`, `shipping_fee`, `order_total`, `payment_status`, `order_status`) VALUES
(2023061530001, 900001, 906, '2023-06-15 14:15:39', '信用卡線上付款', '王曉明', '0911234567', '無實體商品', '高雄市林園區港嘴一路35號', 60, 5252, '已付款', '已取消'),
(2023061630001, 900001, 901, '2023-06-16 14:19:32', '超商代碼', '劉語彤', '0945454545', '寄送到家', '彰化縣大村鄉大智三街14號', 40, 1953, '已過付款期限', '已取消'),
(2023061630020, 900006, 902, '2023-06-30 13:26:43', '信用卡線上付款', '張以豪', '09111111111', '超商取貨', '自由路二段175巷9號', 60, 3427, '尚未付款', '已成立'),
(2023061630022, 900005, 904, '2023-06-30 14:59:44', 'ATM虛擬帳號', '', '', '寄送到家', '', 40, 3798, '尚未付款', '已成立'),
(2023061630023, 900008, 906, '2023-06-30 15:19:21', '信用卡線上付款', '陳早呼', '1212121', '寄送到家', '高雄市路竹區路科二路17號', 50, 2618, '尚未付款', '已成立'),
(2023061630024, 900006, 901, '2023-06-30 15:45:26', '信用卡線上付款', '', '', '超商取貨', '', 0, 680, '尚未付款', '已成立');

-- --------------------------------------------------------

--
-- 資料表結構 `tk_class`
--

DROP TABLE IF EXISTS `tk_class`;
CREATE TABLE `tk_class` (
  `tk_class_id` int(3) UNSIGNED NOT NULL,
  `tk_class_name` varchar(100) NOT NULL
) ENGINE=InnoDB DEFAULT CHARSET=utf8mb4 COLLATE=utf8mb4_unicode_ci;

--
-- 傾印資料表的資料 `tk_class`
--

INSERT INTO `tk_class` (`tk_class_id`, `tk_class_name`) VALUES
(301, '動物園'),
(302, '親子遊玩'),
(303, '樂園優惠'),
(304, '展覽優惠'),
(305, '電影優惠'),
(306, '古蹟');

-- --------------------------------------------------------

--
-- 資料表結構 `tk_class_table`
--

DROP TABLE IF EXISTS `tk_class_table`;
CREATE TABLE `tk_class_table` (
  `tk_class_table_id` int(4) UNSIGNED NOT NULL,
  `fk_tk_class_id` int(3) UNSIGNED DEFAULT NULL,
  `fk_tk_id` int(10) UNSIGNED DEFAULT NULL
) ENGINE=InnoDB DEFAULT CHARSET=utf8mb4 COLLATE=utf8mb4_unicode_ci;

--
-- 傾印資料表的資料 `tk_class_table`
--

INSERT INTO `tk_class_table` (`tk_class_table_id`, `fk_tk_class_id`, `fk_tk_id`) VALUES
(3001, 301, 3000000001),
(3002, 302, 3000000001),
(3003, 302, 3000000002),
(3004, 303, 3000000002),
(3005, 302, 3000000003),
(3006, 303, 3000000003),
(3007, 302, 3000000004),
(3008, 303, 3000000004),
(3009, 302, 3000000005),
(3010, 304, 3000000005),
(3011, 304, 3000000006),
(3012, 306, 3000000006),
(3013, 304, 3000000007),
(3014, 302, 3000000008),
(3015, 302, 3000000009),
(3016, 303, 3000000009),
(3017, 304, 3000000009),
(3018, 302, 3000000010),
(3019, 303, 3000000010);

-- --------------------------------------------------------

--
-- 資料表結構 `tk_favorites`
--

DROP TABLE IF EXISTS `tk_favorites`;
CREATE TABLE `tk_favorites` (
  `tk_favorites_id` int(9) UNSIGNED NOT NULL,
  `fk_tk_id` int(10) UNSIGNED DEFAULT NULL,
  `fk_member_id` int(11) NOT NULL
) ENGINE=InnoDB DEFAULT CHARSET=utf8mb4 COLLATE=utf8mb4_unicode_ci;

-- --------------------------------------------------------

--
-- 資料表結構 `tk_image`
--

DROP TABLE IF EXISTS `tk_image`;
CREATE TABLE `tk_image` (
  `tk_img_id` int(7) UNSIGNED NOT NULL,
  `fk_tk_id` int(10) UNSIGNED DEFAULT NULL,
  `tk_image_src` longblob DEFAULT NULL,
  `tk_status` int(1) DEFAULT NULL
) ENGINE=InnoDB DEFAULT CHARSET=utf8mb4 COLLATE=utf8mb4_unicode_ci;

--
-- 傾印資料表的資料 `tk_image`
--

INSERT INTO `tk_image` (`tk_img_id`, `fk_tk_id`, `tk_image_src`, `tk_status`) VALUES
(3000001, 3000000001, NULL, NULL),
(3000002, 3000000001, NULL, NULL),
(3000003, 3000000001, NULL, NULL),
(3000004, 3000000001, NULL, NULL);

-- --------------------------------------------------------

--
-- 資料表結構 `tk_product`
--

DROP TABLE IF EXISTS `tk_product`;
CREATE TABLE `tk_product` (
  `tk_product_id` int(5) UNSIGNED NOT NULL,
  `fk_tk_id` int(10) UNSIGNED DEFAULT NULL,
  `tk_pd_name` varchar(50) DEFAULT NULL,
  `tk_expiry_date` date DEFAULT NULL,
  `tk_price` int(11) DEFAULT NULL
) ENGINE=InnoDB DEFAULT CHARSET=utf8mb4 COLLATE=utf8mb4_unicode_ci;

--
-- 傾印資料表的資料 `tk_product`
--

INSERT INTO `tk_product` (`tk_product_id`, `fk_tk_id`, `tk_pd_name`, `tk_expiry_date`, `tk_price`) VALUES
(30001, 3000000001, '壽山動物園門票 -成人', NULL, 40),
(30002, 3000000001, '壽山動物園門票 -兒童', NULL, 20),
(30003, 3000000002, '義大世界入園券-全日票', '2025-12-31', 640),
(30004, 3000000002, '義大世界入園券-午後票', '2025-12-31', 520),
(30005, 3000000003, '高雄鈴鹿賽道樂園單人暢遊券', NULL, 550),
(30006, 3000000003, '高雄迷你鈴鹿賽道Birel N35單人卡丁賽車券', NULL, 550),
(30007, 3000000003, '高雄鈴鹿賽道樂園單人星光暢遊票', NULL, 340),
(30008, 3000000004, '奧斯丁夢想樂園高雄草衙店 - 一大一小，平日不限時／假日三小時＋200 元主餐一份 ', NULL, 599),
(30009, 3000000004, '奧斯丁夢想樂園高雄草衙店 - 一大一小平日假日兩小時＋200 元代幣 ', NULL, 569),
(30010, 3000000004, '奧斯丁夢想樂園高雄草衙店 - 一大一小平日不限時／假日三小時 ', NULL, 459),
(30011, 3000000004, '奧斯丁夢想樂園高雄草衙店 - 一大一小平日不限時／假日三小時＋下午茶套餐 ', NULL, 569),
(30012, 3000000005, '高雄科工館展示廳入場券', NULL, 70),
(30013, 3000000005, '高雄國立科學工藝博物館熱雪天堂探索樂園優惠套票（兒童130cm以下，可一位大人免費陪同，即買即用）\r', NULL, 280),
(30014, 3000000005, '高雄科工館大銀幕電影院', NULL, 100),
(30015, 3000000006, '打狗英國領事館｜門票｜全票', NULL, 90),
(30016, 3000000007, '全票', NULL, 120),
(30017, 3000000007, '半票', NULL, 80),
(30018, 3000000008, '平日入場門票-單人票', NULL, 290),
(30019, 3000000008, '平日入場門票-四人套票', NULL, 1050),
(30020, 3000000008, '假日入場門票-單人票', NULL, 390),
(30021, 3000000008, '假日入場門票-四人套票', NULL, 1500),
(30022, 3000000009, '全票', NULL, 100),
(30023, 3000000009, '團體票', NULL, 90),
(30024, 3000000009, '磨穀樂DIY', NULL, 150),
(30025, 3000000009, '雙人DIY體驗套票（含入場門票）', NULL, 310),
(30026, 3000000010, '建築樂園親子票', '2023-09-03', 299);

-- --------------------------------------------------------

--
-- 資料表結構 `users`
--

DROP TABLE IF EXISTS `users`;
CREATE TABLE `users` (
  `id` int(10) UNSIGNED NOT NULL,
  `name` varchar(200) DEFAULT NULL,
  `email` varchar(200) DEFAULT NULL,
  `username` varchar(200) DEFAULT NULL,
  `password` varchar(200) DEFAULT NULL,
  `r_date` datetime DEFAULT current_timestamp(),
  `google_uid` varchar(200) DEFAULT NULL,
  `photo_url` varchar(200) DEFAULT NULL
) ENGINE=InnoDB DEFAULT CHARSET=utf8 COLLATE=utf8_general_ci;

--
-- 傾印資料表的資料 `users`
--

INSERT INTO `users` (`id`, `name`, `email`, `username`, `password`, `r_date`, `google_uid`, `photo_url`) VALUES
(1, '金妮', 'ginny@test.com', 'ginny132', '12345', '2023-01-01 00:00:00', NULL, NULL),
(2, '哈利', 'herry@test.com', 'herry', '22222', '2023-06-03 00:00:00', NULL, NULL),
(3, '金妮妮', 'ginny123@test.com', 'ginny123', '12345', '2023-06-06 00:00:00', NULL, NULL),
(4, '12', '1231231231', '123123', '3123', '2023-07-12 16:11:14', NULL, NULL),
(5, 'Eddy', 'hello@eddychang.me', 'eddy123', '123123', '2023-07-12 16:26:12', NULL, NULL),
(6, '金妮4444', 'ginny@test.com', 'ginny13', '12345', '2023-07-25 15:40:15', NULL, NULL),
(7, 'xx', 'xxf@test.com', 'giny', '123', '2023-08-04 16:29:54', NULL, NULL),
(8, 'SI YI', 'yisichoco@gmail.com', NULL, NULL, '2023-08-07 16:21:14', '109150685961710971645', 'https://lh3.googleusercontent.com/a/AAcHTtdSXCswzIOoPEuOP_k6qaUT6LtSsf0mR-Gted_nuvwm=s96-c'),
(9, 'Johnson Sun', 's10150410@gmail.com', NULL, NULL, '2023-08-08 10:41:44', '116548609412401494840', 'https://lh3.googleusercontent.com/a/AAcHTtezedB385PagNp2WWltdgKfbLEHZMJX9uFTgwpv7xPj-uE=s96-c'),
(10, '金妮12132', 'ginny11132@test.com', 'ginny132', '12345', '2023-08-08 10:50:33', NULL, NULL);

--
-- 已傾印資料表的索引
--

--
-- 資料表索引 `area`
--
ALTER TABLE `area`
  ADD PRIMARY KEY (`area_id`);

--
-- 資料表索引 `attraction`
--
ALTER TABLE `attraction`
  ADD PRIMARY KEY (`attraction_id`),
  ADD KEY `fk_area` (`fk_area_id`);

--
-- 資料表索引 `attraction_favorites`
--
ALTER TABLE `attraction_favorites`
  ADD PRIMARY KEY (`attraction_favorites_id`),
  ADD KEY `fk_attraction_id` (`fk_attraction_id`),
  ADD KEY `fk_member_id` (`fk_member_id`);

--
-- 資料表索引 `attraction_hegtag`
--
ALTER TABLE `attraction_hegtag`
  ADD PRIMARY KEY (`tag_id`),
  ADD KEY `fk_tag_name_id` (`fk_tag_name_id`),
  ADD KEY `fk_attraction_id` (`fk_attraction_id`);

--
-- 資料表索引 `attraction_image`
--
ALTER TABLE `attraction_image`
  ADD PRIMARY KEY (`img_id`),
  ADD KEY `fk_attraction_id` (`fk_attraction_id`);

--
-- 資料表索引 `attraction_reviews`
--
ALTER TABLE `attraction_reviews`
  ADD PRIMARY KEY (`review_id`),
  ADD KEY `fk_attraction_id` (`fk_attraction_id`),
  ADD KEY `fk_member_id` (`fk_member_id`);

--
-- 資料表索引 `attraction_tag_name`
--
ALTER TABLE `attraction_tag_name`
  ADD PRIMARY KEY (`tag_name_id`);

--
-- 資料表索引 `a_to_tk`
--
ALTER TABLE `a_to_tk`
  ADD PRIMARY KEY (`fk_attraction_id`),
  ADD KEY `fk_tk_id` (`fk_tk_id`);

--
-- 資料表索引 `backend_manage`
--
ALTER TABLE `backend_manage`
  ADD PRIMARY KEY (`staff_id`);

--
-- 資料表索引 `food_categorize`
--
ALTER TABLE `food_categorize`
  ADD PRIMARY KEY (`categorize_id`);

--
-- 資料表索引 `food_merchants`
--
ALTER TABLE `food_merchants`
  ADD PRIMARY KEY (`merchant_id`);

--
-- 資料表索引 `food_merchant_images`
--
ALTER TABLE `food_merchant_images`
  ADD PRIMARY KEY (`image_id`),
  ADD KEY `merchant_id` (`merchant_id`);

--
-- 資料表索引 `food_merchant_products`
--
ALTER TABLE `food_merchant_products`
  ADD PRIMARY KEY (`product_id`),
  ADD KEY `merchant_id` (`merchant_id`);

--
-- 資料表索引 `food_orderdetails`
--
ALTER TABLE `food_orderdetails`
  ADD PRIMARY KEY (`fd_orderdetails_id`,`fd_order_id`),
  ADD KEY `order_id` (`fd_order_id`),
  ADD KEY `product_id` (`product_id`);

--
-- 資料表索引 `food_orders`
--
ALTER TABLE `food_orders`
  ADD PRIMARY KEY (`fd_order_id`),
  ADD KEY `member_id` (`member_id`),
  ADD KEY `payment_id` (`payment_id`),
  ADD KEY `staff_id` (`staff_id`);

--
-- 資料表索引 `food_product_favorites`
--
ALTER TABLE `food_product_favorites`
  ADD PRIMARY KEY (`favorite_id`),
  ADD KEY `member_id` (`member_id`),
  ADD KEY `product_id` (`product_id`);

--
-- 資料表索引 `food_tag_groups`
--
ALTER TABLE `food_tag_groups`
  ADD PRIMARY KEY (`group_id`),
  ADD KEY `area_id` (`area_id`),
  ADD KEY `categorize_id` (`categorize_id`),
  ADD KEY `merchant_id` (`merchant_id`);

--
-- 資料表索引 `hotel_category`
--
ALTER TABLE `hotel_category`
  ADD PRIMARY KEY (`category_id`);

--
-- 資料表索引 `hotel_facility`
--
ALTER TABLE `hotel_facility`
  ADD PRIMARY KEY (`facility_id`);

--
-- 資料表索引 `hotel_favorites`
--
ALTER TABLE `hotel_favorites`
  ADD PRIMARY KEY (`favorites_id`),
  ADD KEY `hotel_id` (`hotel_id`),
  ADD KEY `member_id` (`member_id`);

--
-- 資料表索引 `hotel_img`
--
ALTER TABLE `hotel_img`
  ADD PRIMARY KEY (`img_id`),
  ADD KEY `hotel_id` (`hotel_id`),
  ADD KEY `room_id` (`room_id`);

--
-- 資料表索引 `hotel_intermediary`
--
ALTER TABLE `hotel_intermediary`
  ADD PRIMARY KEY (`intermediary_id`),
  ADD KEY `hotel_id` (`hotel_id`),
  ADD KEY `facility_id` (`facility_id`);

--
-- 資料表索引 `hotel_kh`
--
ALTER TABLE `hotel_kh`
  ADD PRIMARY KEY (`hotel_id`),
  ADD KEY `hotel_mrt` (`hotel_mrt`),
  ADD KEY `hotel_area` (`hotel_area`),
  ADD KEY `hotel_category` (`hotel_category`);

--
-- 資料表索引 `hotel_message`
--
ALTER TABLE `hotel_message`
  ADD PRIMARY KEY (`message_id`),
  ADD KEY `hotel_id` (`hotel_id`),
  ADD KEY `member_id` (`member_id`),
  ADD KEY `hotel_message_ibfk_3` (`room_id`);

--
-- 資料表索引 `hotel_mrt`
--
ALTER TABLE `hotel_mrt`
  ADD PRIMARY KEY (`mrt_id`);

--
-- 資料表索引 `hotel_orderdetails`
--
ALTER TABLE `hotel_orderdetails`
  ADD PRIMARY KEY (`ht_order_id`,`ht_orderdetails_id`),
  ADD KEY `hotel_id` (`hotel_id`),
  ADD KEY `room_id` (`room_id`);

--
-- 資料表索引 `hotel_orders`
--
ALTER TABLE `hotel_orders`
  ADD PRIMARY KEY (`ht_order_id`),
  ADD KEY `payment_id` (`payment_id`),
  ADD KEY `member_id` (`member_id`),
  ADD KEY `staff_id` (`staff_id`);

--
-- 資料表索引 `hotel_room`
--
ALTER TABLE `hotel_room`
  ADD PRIMARY KEY (`room_id`),
  ADD KEY `hotel_id` (`hotel_id`);

--
-- 資料表索引 `itinerary`
--
ALTER TABLE `itinerary`
  ADD PRIMARY KEY (`itinerary_id`),
  ADD KEY `fk_member_id` (`fk_member_id`);

--
-- 資料表索引 `itinerary_detail`
--
ALTER TABLE `itinerary_detail`
  ADD PRIMARY KEY (`itinerary_d_id`),
  ADD KEY `itinerary_id` (`itinerary_id`),
  ADD KEY `fk_attraction_id` (`fk_attraction_id`),
  ADD KEY `fk_merchant_id` (`fk_merchant_id`),
  ADD KEY `fk_hotel_id` (`fk_hotel_id`);

--
-- 資料表索引 `member`
--
ALTER TABLE `member`
  ADD PRIMARY KEY (`member_id`);

--
-- 資料表索引 `new_table`
--
ALTER TABLE `new_table`
  ADD PRIMARY KEY (`account_permission_id`);

--
-- 資料表索引 `otp`
--
ALTER TABLE `otp`
  ADD PRIMARY KEY (`id`);

--
-- 資料表索引 `payment`
--
ALTER TABLE `payment`
  ADD PRIMARY KEY (`payment_id`);

--
-- 資料表索引 `ticket`
--
ALTER TABLE `ticket`
  ADD PRIMARY KEY (`tk_id`);

--
-- 資料表索引 `ticket_orderdetails`
--
ALTER TABLE `ticket_orderdetails`
  ADD PRIMARY KEY (`tk_orderdetails_id`) USING BTREE,
  ADD KEY `tk_order_id` (`tk_order_id`);

--
-- 資料表索引 `ticket_orders`
--
ALTER TABLE `ticket_orders`
  ADD PRIMARY KEY (`tk_order_id`),
  ADD KEY `payment_id` (`payment`),
  ADD KEY `staff_id` (`staff_id`),
  ADD KEY `member_id` (`member_id`);

--
-- 資料表索引 `tk_class`
--
ALTER TABLE `tk_class`
  ADD PRIMARY KEY (`tk_class_id`);

--
-- 資料表索引 `tk_class_table`
--
ALTER TABLE `tk_class_table`
  ADD PRIMARY KEY (`tk_class_table_id`),
  ADD KEY `fk_tk_id` (`fk_tk_id`),
  ADD KEY `fk_tk_class_id` (`fk_tk_class_id`);

--
-- 資料表索引 `tk_favorites`
--
ALTER TABLE `tk_favorites`
  ADD PRIMARY KEY (`tk_favorites_id`),
  ADD KEY `fk_tk_id` (`fk_tk_id`),
  ADD KEY `fk_member_id` (`fk_member_id`);

--
-- 資料表索引 `tk_image`
--
ALTER TABLE `tk_image`
  ADD PRIMARY KEY (`tk_img_id`),
  ADD KEY `fk_tk_id` (`fk_tk_id`);

--
-- 資料表索引 `tk_product`
--
ALTER TABLE `tk_product`
  ADD PRIMARY KEY (`tk_product_id`),
  ADD KEY `fk_tk_id` (`fk_tk_id`);

--
-- 資料表索引 `users`
--
ALTER TABLE `users`
  ADD PRIMARY KEY (`id`);

--
-- 在傾印的資料表使用自動遞增(AUTO_INCREMENT)
--

--
-- 使用資料表自動遞增(AUTO_INCREMENT) `area`
--
ALTER TABLE `area`
  MODIFY `area_id` int(10) UNSIGNED NOT NULL AUTO_INCREMENT, AUTO_INCREMENT=39;

--
-- 使用資料表自動遞增(AUTO_INCREMENT) `attraction`
--
ALTER TABLE `attraction`
  MODIFY `attraction_id` int(11) UNSIGNED NOT NULL AUTO_INCREMENT, AUTO_INCREMENT=600060;

--
-- 使用資料表自動遞增(AUTO_INCREMENT) `attraction_favorites`
--
ALTER TABLE `attraction_favorites`
  MODIFY `attraction_favorites_id` int(10) UNSIGNED NOT NULL AUTO_INCREMENT, AUTO_INCREMENT=6000002;

--
-- 使用資料表自動遞增(AUTO_INCREMENT) `attraction_hegtag`
--
ALTER TABLE `attraction_hegtag`
  MODIFY `tag_id` int(11) NOT NULL AUTO_INCREMENT, AUTO_INCREMENT=211;

--
-- 使用資料表自動遞增(AUTO_INCREMENT) `attraction_image`
--
ALTER TABLE `attraction_image`
  MODIFY `img_id` int(10) UNSIGNED NOT NULL AUTO_INCREMENT, AUTO_INCREMENT=305;

--
-- 使用資料表自動遞增(AUTO_INCREMENT) `attraction_reviews`
--
ALTER TABLE `attraction_reviews`
  MODIFY `review_id` int(11) NOT NULL AUTO_INCREMENT, AUTO_INCREMENT=3;

--
-- 使用資料表自動遞增(AUTO_INCREMENT) `attraction_tag_name`
--
ALTER TABLE `attraction_tag_name`
  MODIFY `tag_name_id` int(11) NOT NULL AUTO_INCREMENT, AUTO_INCREMENT=18;

--
-- 使用資料表自動遞增(AUTO_INCREMENT) `backend_manage`
--
ALTER TABLE `backend_manage`
  MODIFY `staff_id` int(11) NOT NULL AUTO_INCREMENT, AUTO_INCREMENT=909;

--
-- 使用資料表自動遞增(AUTO_INCREMENT) `food_categorize`
--
ALTER TABLE `food_categorize`
  MODIFY `categorize_id` int(11) NOT NULL AUTO_INCREMENT, AUTO_INCREMENT=2009;

--
-- 使用資料表自動遞增(AUTO_INCREMENT) `food_merchants`
--
ALTER TABLE `food_merchants`
  MODIFY `merchant_id` int(11) NOT NULL AUTO_INCREMENT, AUTO_INCREMENT=200100005;

--
-- 使用資料表自動遞增(AUTO_INCREMENT) `food_merchant_images`
--
ALTER TABLE `food_merchant_images`
  MODIFY `image_id` int(11) NOT NULL AUTO_INCREMENT, AUTO_INCREMENT=200200007;

--
-- 使用資料表自動遞增(AUTO_INCREMENT) `food_merchant_products`
--
ALTER TABLE `food_merchant_products`
  MODIFY `product_id` int(11) NOT NULL AUTO_INCREMENT, AUTO_INCREMENT=20003;

--
-- 使用資料表自動遞增(AUTO_INCREMENT) `food_orderdetails`
--
ALTER TABLE `food_orderdetails`
  MODIFY `fd_orderdetails_id` int(10) NOT NULL AUTO_INCREMENT, AUTO_INCREMENT=3;

--
-- 使用資料表自動遞增(AUTO_INCREMENT) `food_product_favorites`
--
ALTER TABLE `food_product_favorites`
  MODIFY `favorite_id` int(11) NOT NULL AUTO_INCREMENT, AUTO_INCREMENT=3;

--
-- 使用資料表自動遞增(AUTO_INCREMENT) `food_tag_groups`
--
ALTER TABLE `food_tag_groups`
  MODIFY `group_id` int(11) NOT NULL AUTO_INCREMENT, AUTO_INCREMENT=200600006;

--
-- 使用資料表自動遞增(AUTO_INCREMENT) `hotel_category`
--
ALTER TABLE `hotel_category`
  MODIFY `category_id` int(10) UNSIGNED NOT NULL AUTO_INCREMENT, AUTO_INCREMENT=5004;

--
-- 使用資料表自動遞增(AUTO_INCREMENT) `hotel_facility`
--
ALTER TABLE `hotel_facility`
  MODIFY `facility_id` int(10) UNSIGNED NOT NULL AUTO_INCREMENT, AUTO_INCREMENT=5215;

--
-- 使用資料表自動遞增(AUTO_INCREMENT) `hotel_favorites`
--
ALTER TABLE `hotel_favorites`
  MODIFY `favorites_id` int(10) UNSIGNED NOT NULL AUTO_INCREMENT, AUTO_INCREMENT=570007;

--
-- 使用資料表自動遞增(AUTO_INCREMENT) `hotel_img`
--
ALTER TABLE `hotel_img`
  MODIFY `img_id` int(10) UNSIGNED NOT NULL AUTO_INCREMENT, AUTO_INCREMENT=500030054;

--
-- 使用資料表自動遞增(AUTO_INCREMENT) `hotel_intermediary`
--
ALTER TABLE `hotel_intermediary`
  MODIFY `intermediary_id` int(10) UNSIGNED NOT NULL AUTO_INCREMENT, AUTO_INCREMENT=580038;

--
-- 使用資料表自動遞增(AUTO_INCREMENT) `hotel_kh`
--
ALTER TABLE `hotel_kh`
  MODIFY `hotel_id` int(10) UNSIGNED NOT NULL AUTO_INCREMENT, AUTO_INCREMENT=500010124;

--
-- 使用資料表自動遞增(AUTO_INCREMENT) `hotel_message`
--
ALTER TABLE `hotel_message`
  MODIFY `message_id` int(10) UNSIGNED NOT NULL AUTO_INCREMENT, AUTO_INCREMENT=560006;

--
-- 使用資料表自動遞增(AUTO_INCREMENT) `hotel_mrt`
--
ALTER TABLE `hotel_mrt`
  MODIFY `mrt_id` int(11) UNSIGNED NOT NULL AUTO_INCREMENT, AUTO_INCREMENT=5139;

--
-- 使用資料表自動遞增(AUTO_INCREMENT) `hotel_room`
--
ALTER TABLE `hotel_room`
  MODIFY `room_id` int(10) UNSIGNED NOT NULL AUTO_INCREMENT, AUTO_INCREMENT=500020029;

--
-- 使用資料表自動遞增(AUTO_INCREMENT) `itinerary`
--
ALTER TABLE `itinerary`
  MODIFY `itinerary_id` int(11) NOT NULL AUTO_INCREMENT, AUTO_INCREMENT=60000002;

--
-- 使用資料表自動遞增(AUTO_INCREMENT) `itinerary_detail`
--
ALTER TABLE `itinerary_detail`
  MODIFY `itinerary_d_id` int(11) NOT NULL AUTO_INCREMENT, AUTO_INCREMENT=4;

--
-- 使用資料表自動遞增(AUTO_INCREMENT) `member`
--
ALTER TABLE `member`
  MODIFY `member_id` int(11) NOT NULL AUTO_INCREMENT, AUTO_INCREMENT=900018;

--
-- 使用資料表自動遞增(AUTO_INCREMENT) `new_table`
--
ALTER TABLE `new_table`
  MODIFY `account_permission_id` int(11) NOT NULL AUTO_INCREMENT;

--
-- 使用資料表自動遞增(AUTO_INCREMENT) `otp`
--
ALTER TABLE `otp`
  MODIFY `id` int(11) UNSIGNED NOT NULL AUTO_INCREMENT;

--
-- 使用資料表自動遞增(AUTO_INCREMENT) `payment`
--
ALTER TABLE `payment`
  MODIFY `payment_id` int(10) NOT NULL AUTO_INCREMENT, AUTO_INCREMENT=4;

--
-- 使用資料表自動遞增(AUTO_INCREMENT) `ticket`
--
ALTER TABLE `ticket`
  MODIFY `tk_id` int(10) UNSIGNED NOT NULL AUTO_INCREMENT, AUTO_INCREMENT=3000000013;

--
-- 使用資料表自動遞增(AUTO_INCREMENT) `ticket_orderdetails`
--
ALTER TABLE `ticket_orderdetails`
  MODIFY `tk_orderdetails_id` int(5) NOT NULL AUTO_INCREMENT, AUTO_INCREMENT=1000045;

--
-- 使用資料表自動遞增(AUTO_INCREMENT) `ticket_orders`
--
ALTER TABLE `ticket_orders`
  MODIFY `tk_order_id` bigint(13) UNSIGNED NOT NULL AUTO_INCREMENT, AUTO_INCREMENT=2023061630025;

--
-- 使用資料表自動遞增(AUTO_INCREMENT) `tk_class`
--
ALTER TABLE `tk_class`
  MODIFY `tk_class_id` int(3) UNSIGNED NOT NULL AUTO_INCREMENT, AUTO_INCREMENT=307;

--
-- 使用資料表自動遞增(AUTO_INCREMENT) `tk_class_table`
--
ALTER TABLE `tk_class_table`
  MODIFY `tk_class_table_id` int(4) UNSIGNED NOT NULL AUTO_INCREMENT, AUTO_INCREMENT=3020;

--
-- 使用資料表自動遞增(AUTO_INCREMENT) `tk_favorites`
--
ALTER TABLE `tk_favorites`
  MODIFY `tk_favorites_id` int(9) UNSIGNED NOT NULL AUTO_INCREMENT, AUTO_INCREMENT=380000001;

--
-- 使用資料表自動遞增(AUTO_INCREMENT) `tk_image`
--
ALTER TABLE `tk_image`
  MODIFY `tk_img_id` int(7) UNSIGNED NOT NULL AUTO_INCREMENT, AUTO_INCREMENT=3000005;

--
-- 使用資料表自動遞增(AUTO_INCREMENT) `tk_product`
--
ALTER TABLE `tk_product`
  MODIFY `tk_product_id` int(5) UNSIGNED NOT NULL AUTO_INCREMENT, AUTO_INCREMENT=30030;

--
-- 使用資料表自動遞增(AUTO_INCREMENT) `users`
--
ALTER TABLE `users`
  MODIFY `id` int(10) UNSIGNED NOT NULL AUTO_INCREMENT, AUTO_INCREMENT=11;

--
-- 已傾印資料表的限制式
--

--
-- 資料表的限制式 `attraction`
--
ALTER TABLE `attraction`
  ADD CONSTRAINT `fk_area` FOREIGN KEY (`fk_area_id`) REFERENCES `area` (`area_id`);

--
-- 資料表的限制式 `attraction_favorites`
--
ALTER TABLE `attraction_favorites`
  ADD CONSTRAINT `attraction_favorites_ibfk_2` FOREIGN KEY (`fk_attraction_id`) REFERENCES `attraction` (`attraction_id`),
  ADD CONSTRAINT `attraction_favorites_ibfk_3` FOREIGN KEY (`fk_member_id`) REFERENCES `member` (`member_id`);

--
-- 資料表的限制式 `attraction_hegtag`
--
ALTER TABLE `attraction_hegtag`
  ADD CONSTRAINT `attraction_hegtag_ibfk_1` FOREIGN KEY (`fk_tag_name_id`) REFERENCES `attraction_tag_name` (`tag_name_id`),
  ADD CONSTRAINT `attraction_hegtag_ibfk_2` FOREIGN KEY (`fk_attraction_id`) REFERENCES `attraction` (`attraction_id`);

--
-- 資料表的限制式 `attraction_image`
--
ALTER TABLE `attraction_image`
  ADD CONSTRAINT `attraction_image_ibfk_1` FOREIGN KEY (`fk_attraction_id`) REFERENCES `attraction` (`attraction_id`);

--
-- 資料表的限制式 `attraction_reviews`
--
ALTER TABLE `attraction_reviews`
  ADD CONSTRAINT `attraction_reviews_ibfk_1` FOREIGN KEY (`fk_attraction_id`) REFERENCES `attraction` (`attraction_id`),
  ADD CONSTRAINT `attraction_reviews_ibfk_2` FOREIGN KEY (`fk_member_id`) REFERENCES `member` (`member_id`);

--
-- 資料表的限制式 `a_to_tk`
--
ALTER TABLE `a_to_tk`
  ADD CONSTRAINT `a_to_tk_ibfk_1` FOREIGN KEY (`fk_tk_id`) REFERENCES `ticket` (`tk_id`) ON DELETE SET NULL,
  ADD CONSTRAINT `a_to_tk_ibfk_2` FOREIGN KEY (`fk_attraction_id`) REFERENCES `attraction` (`attraction_id`);

--
-- 資料表的限制式 `food_merchant_images`
--
ALTER TABLE `food_merchant_images`
  ADD CONSTRAINT `food_merchant_images_ibfk_1` FOREIGN KEY (`merchant_id`) REFERENCES `food_merchants` (`merchant_id`);

--
-- 資料表的限制式 `food_merchant_products`
--
ALTER TABLE `food_merchant_products`
  ADD CONSTRAINT `food_merchant_products_ibfk_1` FOREIGN KEY (`merchant_id`) REFERENCES `food_merchants` (`merchant_id`);

--
-- 資料表的限制式 `food_orderdetails`
--
ALTER TABLE `food_orderdetails`
  ADD CONSTRAINT `food_orderdetails_ibfk_1` FOREIGN KEY (`fd_order_id`) REFERENCES `food_orders` (`fd_order_id`),
  ADD CONSTRAINT `food_orderdetails_ibfk_2` FOREIGN KEY (`product_id`) REFERENCES `food_merchant_products` (`product_id`);

--
-- 資料表的限制式 `food_orders`
--
ALTER TABLE `food_orders`
  ADD CONSTRAINT `food_orders_ibfk_1` FOREIGN KEY (`member_id`) REFERENCES `member` (`member_id`),
  ADD CONSTRAINT `food_orders_ibfk_2` FOREIGN KEY (`payment_id`) REFERENCES `payment` (`payment_id`),
  ADD CONSTRAINT `food_orders_ibfk_3` FOREIGN KEY (`staff_id`) REFERENCES `backend_manage` (`staff_id`);

--
-- 資料表的限制式 `food_product_favorites`
--
ALTER TABLE `food_product_favorites`
  ADD CONSTRAINT `food_product_favorites_ibfk_1` FOREIGN KEY (`member_id`) REFERENCES `member` (`member_id`),
  ADD CONSTRAINT `food_product_favorites_ibfk_2` FOREIGN KEY (`product_id`) REFERENCES `food_merchant_products` (`product_id`);

--
-- 資料表的限制式 `food_tag_groups`
--
ALTER TABLE `food_tag_groups`
  ADD CONSTRAINT `food_tag_groups_ibfk_1` FOREIGN KEY (`area_id`) REFERENCES `area` (`area_id`),
  ADD CONSTRAINT `food_tag_groups_ibfk_2` FOREIGN KEY (`categorize_id`) REFERENCES `food_categorize` (`categorize_id`),
  ADD CONSTRAINT `food_tag_groups_ibfk_3` FOREIGN KEY (`merchant_id`) REFERENCES `food_merchants` (`merchant_id`);

--
-- 資料表的限制式 `hotel_favorites`
--
ALTER TABLE `hotel_favorites`
  ADD CONSTRAINT `hotel_favorites_ibfk_1` FOREIGN KEY (`hotel_id`) REFERENCES `hotel_kh` (`hotel_id`),
  ADD CONSTRAINT `hotel_favorites_ibfk_2` FOREIGN KEY (`member_id`) REFERENCES `member` (`member_id`);

--
-- 資料表的限制式 `hotel_img`
--
ALTER TABLE `hotel_img`
  ADD CONSTRAINT `hotel_img_ibfk_1` FOREIGN KEY (`hotel_id`) REFERENCES `hotel_kh` (`hotel_id`),
  ADD CONSTRAINT `hotel_img_ibfk_2` FOREIGN KEY (`room_id`) REFERENCES `hotel_room` (`room_id`);

--
-- 資料表的限制式 `hotel_intermediary`
--
ALTER TABLE `hotel_intermediary`
  ADD CONSTRAINT `hotel_intermediary_ibfk_1` FOREIGN KEY (`hotel_id`) REFERENCES `hotel_kh` (`hotel_id`),
  ADD CONSTRAINT `hotel_intermediary_ibfk_2` FOREIGN KEY (`facility_id`) REFERENCES `hotel_facility` (`facility_id`);

--
-- 資料表的限制式 `hotel_kh`
--
ALTER TABLE `hotel_kh`
  ADD CONSTRAINT `hotel_kh_ibfk_1` FOREIGN KEY (`hotel_mrt`) REFERENCES `hotel_mrt` (`mrt_id`),
  ADD CONSTRAINT `hotel_kh_ibfk_2` FOREIGN KEY (`hotel_area`) REFERENCES `area` (`area_id`),
  ADD CONSTRAINT `hotel_kh_ibfk_3` FOREIGN KEY (`hotel_category`) REFERENCES `hotel_category` (`category_id`);

--
-- 資料表的限制式 `hotel_message`
--
ALTER TABLE `hotel_message`
  ADD CONSTRAINT `hotel_message_ibfk_1` FOREIGN KEY (`hotel_id`) REFERENCES `hotel_kh` (`hotel_id`),
  ADD CONSTRAINT `hotel_message_ibfk_2` FOREIGN KEY (`member_id`) REFERENCES `member` (`member_id`),
  ADD CONSTRAINT `hotel_message_ibfk_3` FOREIGN KEY (`room_id`) REFERENCES `hotel_room` (`room_id`);

--
-- 資料表的限制式 `hotel_orderdetails`
--
ALTER TABLE `hotel_orderdetails`
  ADD CONSTRAINT `hotel_orderdetails_ibfk_1` FOREIGN KEY (`hotel_id`) REFERENCES `hotel_kh` (`hotel_id`),
  ADD CONSTRAINT `hotel_orderdetails_ibfk_2` FOREIGN KEY (`room_id`) REFERENCES `hotel_room` (`room_id`),
  ADD CONSTRAINT `hotel_orderdetails_ibfk_4` FOREIGN KEY (`ht_order_id`) REFERENCES `hotel_orders` (`ht_order_id`);

--
-- 資料表的限制式 `hotel_orders`
--
ALTER TABLE `hotel_orders`
  ADD CONSTRAINT `hotel_orders_ibfk_1` FOREIGN KEY (`payment_id`) REFERENCES `payment` (`payment_id`),
  ADD CONSTRAINT `hotel_orders_ibfk_2` FOREIGN KEY (`member_id`) REFERENCES `member` (`member_id`),
  ADD CONSTRAINT `hotel_orders_ibfk_3` FOREIGN KEY (`staff_id`) REFERENCES `backend_manage` (`staff_id`);

--
-- 資料表的限制式 `hotel_room`
--
ALTER TABLE `hotel_room`
  ADD CONSTRAINT `hotel_room_ibfk_1` FOREIGN KEY (`hotel_id`) REFERENCES `hotel_kh` (`hotel_id`);

--
-- 資料表的限制式 `itinerary`
--
ALTER TABLE `itinerary`
  ADD CONSTRAINT `itinerary_ibfk_1` FOREIGN KEY (`fk_member_id`) REFERENCES `member` (`member_id`);

--
-- 資料表的限制式 `itinerary_detail`
--
ALTER TABLE `itinerary_detail`
  ADD CONSTRAINT `itinerary_detail_ibfk_1` FOREIGN KEY (`itinerary_id`) REFERENCES `itinerary` (`itinerary_id`),
  ADD CONSTRAINT `itinerary_detail_ibfk_2` FOREIGN KEY (`fk_attraction_id`) REFERENCES `attraction` (`attraction_id`),
  ADD CONSTRAINT `itinerary_detail_ibfk_3` FOREIGN KEY (`fk_merchant_id`) REFERENCES `food_merchants` (`merchant_id`),
  ADD CONSTRAINT `itinerary_detail_ibfk_4` FOREIGN KEY (`fk_hotel_id`) REFERENCES `hotel_kh` (`hotel_id`);

--
-- 資料表的限制式 `tk_class_table`
--
ALTER TABLE `tk_class_table`
  ADD CONSTRAINT `tk_class_table_ibfk_1` FOREIGN KEY (`fk_tk_id`) REFERENCES `ticket` (`tk_id`) ON DELETE SET NULL,
  ADD CONSTRAINT `tk_class_table_ibfk_2` FOREIGN KEY (`fk_tk_class_id`) REFERENCES `tk_class` (`tk_class_id`) ON DELETE SET NULL;

--
-- 資料表的限制式 `tk_favorites`
--
ALTER TABLE `tk_favorites`
  ADD CONSTRAINT `tk_favorites_ibfk_1` FOREIGN KEY (`fk_tk_id`) REFERENCES `ticket` (`tk_id`) ON DELETE SET NULL,
  ADD CONSTRAINT `tk_favorites_ibfk_2` FOREIGN KEY (`fk_member_id`) REFERENCES `member` (`member_id`);

--
-- 資料表的限制式 `tk_image`
--
ALTER TABLE `tk_image`
  ADD CONSTRAINT `tk_image_ibfk_1` FOREIGN KEY (`fk_tk_id`) REFERENCES `ticket` (`tk_id`) ON DELETE SET NULL;

--
-- 資料表的限制式 `tk_product`
--
ALTER TABLE `tk_product`
  ADD CONSTRAINT `tk_product_ibfk_1` FOREIGN KEY (`fk_tk_id`) REFERENCES `ticket` (`tk_id`) ON DELETE SET NULL;
SET FOREIGN_KEY_CHECKS=1;
COMMIT;

/*!40101 SET CHARACTER_SET_CLIENT=@OLD_CHARACTER_SET_CLIENT */;
/*!40101 SET CHARACTER_SET_RESULTS=@OLD_CHARACTER_SET_RESULTS */;
/*!40101 SET COLLATION_CONNECTION=@OLD_COLLATION_CONNECTION */;
